date	Assetto Corsa	The Banner Saga	Sid Meier's Civilization V	Counter-Strike: Global Offensive	Day One : Garry's Incident	Drug Wars	Godus	Grand Theft Auto V	Infestation: Survivor Stories Classic	Insurgency	Portal 2	Project CARS	Retro City Rampage DX	Rocket League	Saints Row: The Third	Shadowrun Returns	Ship Simulator Extremes	Total War: SHOGUN 2	The Elder Scrolls V: Skyrim	Skyscraper Simulator	SpeedRunners	The Swapper	Tunnel Rats	The Witcher 3: Wild Hunt	The Witness
20141123	1648	132	46333	243123	5	1	392	1	3127	7193	2368	164	32	1	1808	276	62	4081	43249	2	655	54	1	0	1
20141124	1499	111	34903	239938	8	0	329	1	2432	5720	1657	97	30	2	1358	222	43	3163	32024	2	549	43	0	0	0
20141125	1354	91	32718	221420	4	1	323	2	2581	5732	1653	112	22	2	1337	166	50	3173	31084	3	511	39	0	0	0
20141126	1374	109	37222	225433	4	0	462	1	3259	5592	1956	107	29	2	1403	238	52	3594	33875	4	629	45	1	0	0
20141127	1378	182	39987	219942	5	0	541	1	3430	5061	2245	117	34	1	1437	329	55	3607	33463	3	817	45	0	0	0
20141128	1414	786	47302	224794	7	0	608	1	3812	5521	2951	136	30	3	1734	390	62	4108	37113	5	998	46	1	0	1
20141129	1345	1465	48438	233809	7	1	697	0	3931	5145	3204	123	33	2	1904	439	79	4426	39823	4	1025	48	1	0	0
20141130	1515	1214	47971	252684	8	0	828	0	4412	5506	3315	128	34	1	1878	491	71	4611	43263	4	1029	53	0	0	1
20141201	1289	825	36645	261226	5	1	773	3	3594	4064	2283	91	26	2	1799	483	57	3555	30770	3	871	47	1	0	1
20141202	1289	618	33459	234763	4	0	774	3	3244	4011	3186	103	24	3	2083	622	60	3559	35949	4	921	35	0	0	0
20141203	1334	520	32366	230752	6	1	655	2	3037	3603	2889	101	20	1	1828	484	50	3512	36720	4	793	33	0	0	0
20141204	1273	426	32187	228832	7	0	572	2	3029	3500	2776	110	24	2	1960	399	47	3486	35740	3	675	34	0	0	0
20141205	1344	373	37677	232034	4	0	809	2	3117	4074	2900	129	20	2	1998	358	53	3766	37682	2	792	42	0	0	0
20141206	1398	535	48988	220924	7	1	826	0	3486	4397	3747	135	32	3	2376	458	62	4631	48293	6	827	41	0	0	0
20141207	1532	526	47852	252464	6	0	800	0	3467	4311	3420	134	28	1	2131	468	55	4697	50454	4	728	61	1	0	1
20141208	1389	358	35849	269899	7	0	625	1	2983	3462	2299	125	22	1	1597	353	46	3808	36939	3	566	38	1	0	0
20141209	1256	311	32873	234196	4	0	555	4	2862	3627	2079	113	21	1	1518	248	41	3649	35563	3	580	31	1	0	0
20141210	1363	286	31133	228298	3	0	472	2	2689	3171	1936	118	21	7	1418	259	39	3573	33970	2	547	30	0	0	0
20141211	1309	273	31689	225807	6	1	456	4	2932	3072	1909	121	17	8	1372	284	48	3421	33865	2	531	26	0	0	0
20141212	1296	255	35904	233998	6	0	402	3	3283	3533	2289	133	26	32	1594	270	46	3613	35321	3	624	34	1	0	0
20141213	1353	333	46273	237161	9	1	472	1	3360	4872	2998	132	35	31	2070	346	59	4281	44735	3	699	55	0	0	0
20141214	1507	391	47073	256558	10	1	559	1	3593	5220	2840	130	56	3	1918	376	54	4591	48386	3	635	67	1	0	0
20141215	1396	253	35678	255386	6	0	428	3	2994	4384	2030	115	39	3	1393	307	52	3614	36443	3	582	62	1	0	0
20141216	1317	265	34770	239532	9	0	373	7	2950	4245	2021	113	38	23	1395	254	56	3580	35446	5	517	47	1	0	0
20141217	1361	235	35420	239082	8	0	342	8	2984	4092	1960	142	35	28	1411	247	50	3591	35235	10	561	41	0	0	0
20141218	1358	253	36133	257830	6	1	347	4	3061	3979	2004	106	37	160	1414	240	41	3593	34345	6	2380	42	1	0	1
20141219	1886	290	44480	241331	9	1	437	2	2987	4434	2572	125	37	126	1649	335	54	4197	37359	7	3583	54	1	0	1
20141220	1885	437	55086	253740	9	0	511	0	3234	6245	3120	122	42	8	2008	436	58	5011	43041	6	3214	64	0	0	1
20141221	1977	486	57706	270304	7	0	522	1	3513	6581	4808	137	41	3	1972	501	66	5302	49167	5	2861	65	0	0	0
20141222	1967	452	51597	263242	11	1	493	1	3425	6119	8872	127	33	146	1966	455	65	5055	53849	5	2640	65	0	0	1
20141223	2194	465	50754	235385	8	0	469	0	3475	5597	9860	128	28	113	2579	426	67	4869	56334	4	2419	55	1	0	0
20141224	2461	387	43618	230179	6	1	377	0	2886	4644	7265	100	35	80	2521	377	62	4222	46401	4	1966	44	1	0	1
20141225	2720	501	48220	233664	8	0	435	0	3271	4548	6919	100	31	40	2649	450	73	4788	50617	4	1891	52	1	0	0
20141226	2584	466	53596	226741	8	1	477	0	3764	4978	6804	116	32	4	2770	464	79	4905	54986	5	2075	49	0	0	0
20141227	2612	510	56462	239443	12	1	483	0	3941	5082	6517	110	37	3	2902	759	87	5181	57992	7	2056	62	0	0	0
20141228	2498	554	58117	272253	10	1	451	0	3984	4965	6109	137	40	2	2792	1254	85	5310	61314	6	2128	73	0	0	1
20141229	2307	1562	51932	263130	9	1	435	1	4044	4655	5549	118	47	4	2610	1088	93	4944	56807	6	2137	74	1	0	0
20141230	2265	1405	52393	244555	11	0	462	1	3944	4669	5514	116	37	4	2584	926	78	4937	56579	4	2079	54	1	0	0
20141231	2147	1143	45712	238390	7	0	358	1	3218	4014	4653	104	35	3	2153	767	72	4339	46851	5	1857	54	1	0	0
20150101	2084	1191	61844	251800	9	0	448	0	3871	4622	5398	106	45	2	2862	946	84	5501	65914	7	1813	69	0	0	0
20150102	2266	982	59595	308775	10	1	438	1	3985	4586	5221	132	35	3	3116	793	92	5488	66908	7	1859	61	1	0	0
20150103	2317	881	61611	328340	8	1	406	1	3812	4399	4904	150	30	3	3017	755	83	5562	69246	6	1709	63	1	0	1
20150104	2304	756	59582	348548	6	0	424	2	3661	4398	4785	124	27	3	2884	708	65	5480	69551	5	1582	57	1	0	0
20150105	2008	585	47200	327752	6	0	333	2	3384	3617	3569	107	30	5	2275	555	69	4483	53847	4	1583	51	1	0	0
20150106	1940	512	42359	298115	6	0	300	3	3132	3317	3395	151	25	8	2070	442	60	4331	51156	5	1451	54	0	0	0
20150107	1938	449	41359	292979	5	0	262	5	2967	3368	3119	142	20	4	1987	391	69	4209	48768	4	1365	38	0	0	0
20150108	2094	440	41414	285801	7	0	269	3	2825	3362	3040	133	22	4	1878	397	63	4220	48342	5	1418	44	0	0	0
20150109	2197	427	45575	282302	7	0	249	3	2836	4033	3376	161	27	9	1969	360	67	4639	49127	4	1563	44	1	0	0
20150110	2224	504	57478	296761	4	0	291	1	3122	4312	4217	162	30	6	2448	437	88	5444	61023	4	1610	56	0	0	1
20150111	2324	475	56277	306807	5	0	310	1	3106	4297	4043	174	26	2	2252	456	76	5298	62313	3	1746	50	1	0	0
20150112	2031	397	43029	309478	5	0	229	4	2598	3192	2802	137	22	9	1645	376	57	4143	44546	2	1211	40	0	0	0
20150113	1912	334	38313	296493	5	1	224	3	2561	3176	2467	143	17	33	1654	309	48	4010	43064	4	1044	40	1	0	0
20150114	2030	327	36867	288235	5	0	194	3	2469	3123	2451	137	23	3	1497	330	58	3887	41481	3	1067	41	1	0	0
20150115	1958	263	35961	284966	4	0	180	3	2526	3071	2254	139	17	136	2317	329	56	3885	39952	4	1059	33	1	0	1
20150116	1938	285	44056	282949	4	0	209	2	2595	3423	2758	164	20	94	8812	342	58	4202	42565	4	1219	42	0	0	0
20150117	2057	339	58794	296818	5	0	231	1	2654	3765	3522	163	25	55	14943	458	73	5015	53027	4	1245	54	0	0	0
20150118	2205	363	62502	316980	4	0	263	1	2799	3935	3527	181	27	4	16251	475	68	5113	57767	4	1245	48	0	0	0
20150119	1972	330	56718	316661	10	0	223	2	2460	3588	2972	157	41	5	9041	365	61	4607	49563	5	1058	43	1	0	0
20150120	1987	270	44460	295098	12	0	170	1	2332	4691	2328	171	35	7	6779	314	58	3809	39936	3	1004	38	1	0	0
20150121	1869	270	43522	293769	10	0	177	0	2157	7599	2172	182	31	29	5789	267	59	3891	39439	3	899	43	0	0	0
20150122	1858	261	42560	290078	11	0	175	1	2204	8580	2171	159	31	4	5225	260	53	3822	39148	3	909	30	1	0	0
20150123	1871	277	48052	290216	8	0	182	1	2238	8814	2826	200	43	3	5293	272	56	4172	41893	2	994	36	0	0	1
20150124	2049	370	62305	296203	15	0	231	2	2419	8478	3636	217	51	2	5964	368	70	5216	54386	6	1076	46	0	0	1
20150125	2216	364	60349	314805	15	0	228	1	2577	7809	3570	217	50	1	5398	393	72	5186	57829	5	1057	50	0	0	1
20150126	1860	264	46005	318624	10	1	202	2	2231	6312	2546	164	41	3	3906	325	60	4135	42375	2	902	43	0	0	1
20150127	1719	228	43329	316281	6	0	192	2	2038	5622	2934	174	32	5	3576	279	53	4124	41730	3	780	39	0	0	1
20150128	1783	220	39877	300841	7	1	155	2	2029	4811	5229	147	27	122	3479	259	52	3866	39321	3	770	32	1	0	0
20150129	1780	209	39180	232972	6	1	148	1	1943	4735	6699	174	23	58	3106	257	51	3919	38157	3	717	32	0	0	1
20150130	1747	216	44636	285879	5	1	144	1	2133	5111	7858	188	25	2	3351	247	51	4120	40073	6	930	33	1	0	1
20150131	1928	275	57591	318897	7	0	176	0	2124	5292	7929	192	32	5	4160	339	59	4947	51419	5	914	51	0	0	1
20150201	2118	346	59718	349274	8	0	200	0	2224	5420	6891	221	24	2	3676	368	80	5242	56901	4	875	45	1	0	0
20150202	1827	236	44077	359412	5	0	152	2	1884	4326	4713	173	23	2	2698	288	55	4244	42291	3	766	36	2	0	1
20150203	1622	216	38850	364704	6	0	156	3	1662	3667	3960	163	22	6	2391	229	44	3953	37570	3	686	35	1	0	1
20150204	1707	197	38311	368656	7	0	137	2	1636	3428	3550	173	19	2	2266	223	48	3865	36084	3	1409	26	0	0	1
20150205	1816	195	38555	289207	5	1	144	1	1587	3361	3219	158	18	2	2311	217	42	3840	35538	3	2434	32	0	0	0
20150206	1735	193	44216	359645	7	1	136	1	1801	3723	3489	204	21	2	2401	222	45	4071	37916	4	2522	33	0	0	0
20150207	1860	272	57148	383185	7	0	188	1	1876	4096	4305	191	19	4	2999	309	69	4998	47710	4	2253	41	1	0	1
20150208	2015	309	58004	389101	9	0	213	1	2015	4143	4145	236	21	1	2843	342	64	5246	52915	2	1937	42	0	0	1
20150209	1840	221	43470	398069	5	0	155	0	1605	3204	2841	176	16	3	2088	268	44	4027	37619	3	1471	34	0	0	1
20150210	1629	197	38521	380171	9	0	126	0	1572	3102	2512	174	15	2	1881	209	37	3910	35320	3	1215	30	0	1	1
20150211	1717	193	36809	376150	10	0	142	1	1545	3027	2424	179	16	2	1845	190	42	3743	34121	2	1170	22	1	1	1
20150212	1705	178	37669	368103	5	1	139	3	1400	3197	2422	195	14	1	1749	203	50	3746	34108	2	1083	24	0	0	1
20150213	1635	183	43521	375546	11	0	122	2	1484	3622	2874	184	16	3	1963	228	59	4159	35957	3	1198	31	1	0	1
20150214	1775	237	54778	440966	7	0	263	1	1595	3747	4024	177	27	2	2522	302	57	4799	44578	5	1169	30	1	0	0
20150215	2029	280	58465	443394	8	1	239	0	1711	4067	5807	219	25	1	3350	360	66	5272	50364	4	1165	43	0	0	1
20150216	1831	211	50968	419590	4	1	192	1	1631	3946	5768	186	19	4	3554	281	66	4659	44904	4	1097	33	0	0	1
20150217	1610	194	42467	384310	6	0	166	2	1513	3386	4467	160	17	3	2989	242	59	3996	38434	5	1073	29	0	0	1
20150218	1634	191	40235	386713	6	1	157	3	1572	3096	3559	188	16	3	2657	223	53	4071	36370	4	998	30	0	1	1
20150219	1643	174	39433	382328	6	1	156	3	1209	3068	3265	198	16	2	2446	221	51	3985	35710	4	993	28	0	1	0
20150220	1668	183	45067	380525	7	1	171	2	1384	3524	3490	223	14	3	2431	211	51	4382	37473	4	1101	32	0	1	1
20150221	1926	247	58033	405465	6	0	199	0	1458	4071	4143	235	24	3	2888	316	74	5150	48925	3	1224	40	0	0	1
20150222	2000	266	58601	442885	7	0	210	0	1591	4497	4040	260	20	1	2710	346	82	5327	53178	4	1151	46	0	0	1
20150223	1783	189	44525	422759	5	0	142	1	1238	3419	2672	201	15	2	1870	261	73	4163	37496	2	874	28	0	0	2
20150224	1762	161	38440	419874	6	0	132	3	1176	3150	2393	180	12	7	1831	216	59	4057	36103	3	820	32	0	1	1
20150225	1744	169	36804	391277	6	0	126	2	1108	3088	2295	188	16	2	1640	207	54	3805	33925	2	873	28	0	0	1
20150226	1701	156	37709	378755	4	1	128	1	1052	3127	2371	199	19	2	1590	199	53	3755	34548	2	855	32	1	0	0
20150227	1703	157	42543	378897	5	0	121	7	1203	3627	2742	225	14	4	1881	198	62	4010	35371	2	1014	28	1	0	0
20150228	1805	206	55600	399829	5	1	152	2	1325	4175	3737	224	22	5	2380	262	68	4772	46443	4	1137	48	1	0	0
20150301	1969	247	57002	429991	8	1	177	1	1395	4158	3473	207	19	1	2288	296	68	4939	51039	4	1068	45	0	0	0
20150302	1637	170	43444	420129	4	1	128	3	1017	3104	2381	205	16	2	1638	239	48	3687	35260	2	843	29	0	0	0
20150303	1588	163	38071	400636	5	0	122	2	979	3008	2184	176	17	3	1491	193	41	3681	33864	3	809	36	1	1	0
20150304	1790	191	37422	392769	6	0	126	2	965	2999	2102	177	15	2	1505	184	48	3614	33255	5	809	28	0	0	1
20150305	1859	366	45119	390078	5	0	129	7	951	3103	2345	220	16	2	1633	194	43	3960	35737	3	826	26	0	0	0
20150306	1939	395	49465	380709	7	1	128	2	951	3362	2774	226	18	3	1806	189	52	3891	35415	4	1014	26	1	0	0
20150307	1947	485	63766	397346	6	0	150	1	1130	3792	3468	220	22	3	2355	226	66	4616	44719	5	1041	37	0	0	0
20150308	2188	562	67159	436962	9	1	162	1	1161	3872	3546	243	20	4	2397	255	58	4729	48675	4	999	44	1	0	0
20150309	1962	400	51366	433576	5	0	129	2	883	2943	2444	216	16	8	1663	202	44	3776	35031	2	759	25	0	0	1
20150310	1820	311	45655	408637	5	1	133	4	929	2802	2083	165	13	9	1506	157	46	3588	33259	2	746	30	1	0	0
20150311	7066	233	41766	383600	5	0	100	3	837	2683	2005	163	11	2	1452	158	35	3446	31626	3	710	28	0	0	1
20150312	4578	209	41730	370240	4	0	101	7	781	2624	1950	188	13	2	1340	146	42	3350	30823	3	681	24	1	0	1
20150313	4031	203	47393	373405	5	0	116	6	892	3000	2442	183	17	6	1528	161	49	3666	33823	2	828	20	0	0	0
20150314	3785	248	57723	401946	7	0	151	3	1043	3282	3145	201	21	3	1876	214	64	4325	43138	5	903	37	1	0	0
20150315	3860	287	57843	437700	6	0	158	2	1099	3307	3027	220	18	3	1815	223	56	4505	47657	5	817	53	0	0	0
20150316	3306	209	43304	438656	5	0	120	3	849	2696	2084	169	14	3	1265	174	51	3549	34474	2	677	33	0	0	0
20150317	2915	169	40201	395329	5	0	119	3	813	2484	2012	186	16	2	1254	180	122	3498	32836	3	720	32	0	0	0
20150318	2643	156	39622	385444	3	0	150	7	794	2521	2044	169	12	3	1271	213	173	3381	32359	2	728	33	0	0	1
20150319	2742	171	40594	385494	3	1	143	13	753	2595	2085	186	16	2	1225	208	103	3410	32193	2	685	29	0	0	0
20150320	2787	173	49790	380917	3	0	158	14	878	2861	2618	204	15	3	1439	215	94	3830	34650	1	992	30	0	1	0
20150321	2904	194	63257	404381	6	0	173	2	1037	3104	3087	200	17	3	1792	296	94	4480	43541	3	1036	41	2	0	1
20150322	3132	236	66807	418957	8	0	184	3	1071	3355	3054	205	19	2	1805	337	86	4785	48379	5	962	36	0	0	0
20150323	2644	172	50554	432658	8	0	146	10	857	2759	2108	178	15	5	1276	253	70	3697	34944	2	788	30	1	0	0
20150324	2534	139	47858	432356	8	1	139	8	750	2656	2118	195	15	4	1275	206	69	3667	33358	2	759	29	0	0	0
20150325	2549	158	45377	410163	8	0	142	8	749	2576	2101	170	14	5	1243	201	53	3461	32046	4	701	31	0	0	0
20150326	2403	142	44292	401843	7	0	123	6	824	2948	2110	176	14	4	1246	194	55	3629	31653	2	740	35	0	0	1
20150327	2330	134	48970	394873	8	0	145	8	975	3522	2481	184	17	4	1417	198	60	4678	34216	1	844	30	0	0	1
20150328	2478	165	59986	423415	7	0	183	7	1027	4015	3096	205	16	3	1765	282	69	6514	43700	1	870	40	0	0	0
20150329	2695	182	60663	441935	7	0	203	4	1096	4379	3112	221	20	1	1797	298	69	7359	48045	4	844	37	0	0	0
20150330	2341	161	44169	453930	7	0	138	6	855	3635	2272	205	12	7	1301	215	51	5973	35378	2	708	33	1	0	0
20150331	2287	121	43249	394320	9	0	131	7	867	3814	2197	187	16	13	1299	181	57	5664	34591	3	586	31	0	0	0
20150401	2443	124	41691	399743	6	0	151	6	832	3795	2068	176	15	6	1295	174	45	5175	33100	4	705	30	1	0	0
20150402	2202	117	42214	388555	6	0	175	8	845	4010	2203	178	15	5	1347	149	48	5035	33790	2	711	32	0	0	0
20150403	2381	149	51975	385270	6	0	183	8	933	4035	2758	204	16	6	1598	195	54	5554	39617	3	850	37	0	0	1
20150404	2336	143	51173	418233	4	0	191	3	887	3422	2689	189	17	7	1696	172	58	5420	42119	2	685	41	1	0	0
20150405	2502	164	55582	456991	5	0	221	4	916	3946	2984	200	22	3	1754	229	61	5654	44340	2	817	35	1	0	0
20150406	2354	119	46043	446156	5	1	228	4	857	3413	2424	165	21	3	1503	193	56	5109	40163	2	687	31	0	0	1
20150407	2070	116	41139	405995	4	0	178	8	764	3034	2041	146	17	9	1318	166	50	4335	34345	2	630	25	1	0	0
20150408	1983	95	39473	400729	4	0	183	8	709	3094	1920	145	13	6	1238	159	44	4198	33166	3	619	28	1	0	1
20150409	1996	117	39636	398369	6	0	209	10	684	2798	1942	151	15	4	1222	149	50	4322	33016	2	660	27	0	0	1
20150410	1920	121	42109	410909	4	0	200	11	699	3047	2234	156	15	4	1361	154	49	4323	33072	2	709	19	0	0	1
20150411	2050	137	51832	432947	4	0	239	4	823	3337	2837	177	17	4	1691	192	59	4935	40921	1	797	30	1	0	0
20150412	2217	151	51676	453782	6	1	252	8	779	3372	2696	189	20	4	1698	206	62	4938	44462	2	740	32	1	0	0
20150413	2132	120	36866	464014	6	1	178	79993	601	2633	1854	164	18	4	1232	169	43	3824	30814	2	598	25	0	0	0
20150414	1593	91	34236	397106	3	0	172	300344	556	2129	1565	119	26	3	1039	138	39	3577	28351	2	471	23	0	0	0
20150415	1533	93	31909	396099	3	0	135	301097	485	1976	1491	120	24	3	1012	132	38	3351	26995	2	448	21	0	0	0
20150416	1678	84	33089	398050	4	1	126	298358	487	2020	1574	145	28	4	1111	144	31	3424	27772	1	509	17	0	0	0
20150417	1754	219	37860	494048	3	1	135	315264	510	2333	1889	176	30	4	1261	128	39	3738	29511	2	623	24	0	0	1
20150418	1825	430	47614	510794	4	0	145	357585	600	2583	2430	215	40	4	1542	157	51	4401	37592	4	741	25	0	0	1
20150419	1987	633	50169	604843	7	0	160	364544	595	2572	2422	217	41	2	1585	188	47	4546	42342	2	626	34	0	0	0
20150420	1752	505	35987	595475	4	0	115	277981	509	2084	1682	166	33	4	1208	137	32	3450	30367	1	581	25	0	0	1
20150421	1486	371	34461	505713	3	1	130	261865	520	1916	1616	154	27	4	1155	119	43	3316	28713	1	527	25	0	0	1
20150422	1537	309	34239	486239	3	0	113	248120	481	1909	1565	105	19	6	1122	126	40	3359	28234	2	532	23	0	0	1
20150423	1683	272	34452	480928	4	0	102	237606	431	1892	1617	171	17	5	1125	134	41	3457	32381	2	556	28	0	1	1
20150424	1557	205	38739	482181	4	0	113	245193	488	2106	1819	174	27	5	1216	133	50	3692	52379	3	666	26	1	1	0
20150425	1824	276	50411	511294	5	1	125	281448	554	2477	2528	216	24	3	1573	181	62	4562	80594	6	756	30	1	1	1
20150426	2092	274	51483	520161	4	0	149	284788	513	2555	2479	251	23	3	1556	199	65	4694	90870	4	700	33	1	0	0
20150427	1835	190	37281	525280	4	0	104	207244	494	1909	1659	177	17	11	1105	149	42	3621	57873	3	608	24	1	0	1
20150428	1662	159	35014	491778	4	1	103	195632	451	1943	1549	162	17	7	1088	156	38	3512	53645	2	542	25	0	0	1
20150429	1652	140	34442	480548	3	1	110	187146	428	1939	1541	165	23	6	1081	175	49	3481	50419	2	549	25	0	0	0
20150430	1786	132	35591	466310	5	0	94	188681	431	2154	1754	189	22	7	1192	142	38	3543	48071	2	614	21	1	0	1
20150501	1762	154	40430	474878	4	0	123	210263	559	2127	1966	248	19	5	2289	166	49	3841	51861	2	654	22	0	0	0
20150502	1787	176	47771	507938	4	0	127	213107	513	2376	2343	248	18	4	3391	226	68	4264	58108	1	701	31	0	0	1
20150503	2020	181	50415	509860	3	0	150	216918	566	2505	2485	270	24	5	4069	214	54	4556	62808	3	645	30	1	0	2
20150504	1712	143	36891	530789	4	1	120	175294	444	1957	1702	265	19	6	3454	177	48	3558	45040	3	487	20	0	0	1
20150505	1461	129	35613	496567	3	0	105	155643	434	1934	1576	140	16	6	2889	150	48	3353	42330	3	484	19	1	0	1
20150506	1534	132	34217	483931	3	0	103	149284	406	1747	1625	6450	15	5	2686	144	38	3355	40220	1	460	20	1	0	1
20150507	1407	108	34472	480331	3	1	95	144212	384	1901	1531	10387	15	7	2330	141	32	3305	38429	2	562	18	1	0	1
20150508	1369	130	39511	474563	4	0	100	157409	442	2098	1833	9798	17	6	2351	152	43	3535	40344	1	604	15	1	0	1
20150509	1426	153	49520	516081	4	1	131	178439	477	2383	2337	9228	19	7	2592	204	60	4245	50255	2	602	30	0	0	1
20150510	1542	168	50801	468528	3	1	147	173486	542	2431	2300	9050	21	2	2482	224	57	4377	52828	2	609	39	1	0	1
20150511	1428	131	37095	498542	5	0	109	137056	396	1886	1620	8257	16	4	1734	178	37	3425	38397	1	497	28	0	0	1
20150512	1249	158	36126	512316	4	0	112	126278	368	1883	1570	7141	12	7	1675	151	42	3406	37136	2	478	25	0	0	1
20150513	1411	136	36339	487829	5	0	104	120992	334	1967	1633	6917	20	8	1541	139	31	3340	36681	2	516	24	1	0	0
20150514	1333	136	37655	478935	4	0	100	131094	356	2041	1732	6548	24	4	1599	158	40	3490	37763	3	516	26	0	1	0
20150515	1475	109	40889	490908	5	0	113	131731	410	2325	1913	6820	19	4	1683	156	38	3589	38902	3	622	18	1	0	0
20150516	1500	156	50282	516598	6	0	117	158695	480	2648	2540	6463	24	4	1991	230	60	4233	48306	3	644	28	0	0	0
20150517	1656	170	51503	538380	5	2	132	158702	542	2600	2473	6707	26	2	1869	269	59	4420	52189	2	577	39	0	0	0
20150518	1513	124	39025	536712	4	0	96	113438	440	2300	1741	5763	19	3	1478	188	38	3498	37983	2	781	21	1	0	1
20150519	1600	110	37240	485295	4	1	97	106379	446	2062	1647	5137	14	4	1312	145	54	3221	35696	2	709	21	1	0	0
20150520	1857	91	36223	452689	4	1	96	101273	386	2026	1651	4907	13	7	1273	162	72	3308	34582	3	658	24	1	1	1
20150521	2017	95	36805	431123	5	0	84	99213	373	2032	1760	4808	12	3	1348	531	64	3269	34044	4	719	22	1	0	0
20150522	1995	91	40632	528386	5	1	98	107726	432	2228	2064	5030	22	5	1544	1197	75	3396	36056	2	785	26	0	0	1
20150523	1875	111	47995	541372	7	1	103	123108	488	2468	2548	4711	22	1	1810	1732	78	4006	43597	5	1333	36	0	0	1
20150524	2008	135	51706	551054	5	0	127	118943	522	2693	2571	4780	17	1	1794	1974	76	4273	47021	3	1234	36	1	0	1
20150525	1899	121	50338	542761	13	0	132	109446	403	2649	2412	4725	22	2	1721	1776	79	4159	47200	3	999	39	1	0	0
20150526	1662	96	39209	509392	17	0	112	88807	378	2247	1806	4186	14	7	1346	1220	55	3455	36346	3	882	33	0	0	1
20150527	1556	89	37400	505119	16	0	87	82915	415	2098	1717	3981	13	5	1288	805	46	3246	34739	3	785	21	1	0	1
20150528	1572	85	36818	502104	14	0	80	81440	337	2122	1810	3868	12	8	1270	658	52	3250	33857	4	733	21	1	0	1
20150529	1461	94	39724	501063	15	0	88	87611	379	2258	2002	4244	13	7	1407	586	50	3441	34969	6	787	24	1	0	1
20150530	1488	121	48808	521336	15	0	106	99625	414	2469	2492	4051	17	2	1703	662	62	3857	42167	9	834	25	0	0	1
20150531	1675	161	52608	568783	16	1	99	98643	455	2696	2628	4303	16	1	1686	670	68	4164	47022	4	847	31	0	0	1
20150601	1430	99	38536	569848	17	0	90	74944	366	2200	1896	3756	14	3	1363	469	54	3264	35186	3	671	23	0	0	1
20150602	1438	83	37725	524411	6	0	84	72647	358	2079	1805	3638	11	3	1258	380	55	3126	34114	3	656	27	1	1	1
20150603	1534	93	37170	518292	5	0	69	69406	355	1996	1862	3653	15	4	1296	315	49	3263	33984	3	688	19	1	1	1
20150604	1468	97	37525	512619	9	0	82	72083	397	2135	2021	3411	12	6	1324	334	52	3215	34453	3	747	18	1	1	0
20150605	1257	101	38898	524945	8	1	76	74199	367	2088	2141	3210	14	9	1376	312	40	3209	34059	3	729	24	0	0	0
20150606	1195	110	44053	511203	6	0	96	81653	363	2197	2465	2918	15	5	1458	332	48	3625	38563	3	722	30	0	0	1
20150607	1303	132	48697	552794	7	0	111	81683	431	2319	2473	3180	20	2	1453	370	54	3847	43224	4	686	38	1	0	0
20150608	1447	103	38259	579357	5	1	89	63518	321	1967	2095	3248	17	5	1276	285	57	3348	35553	4	643	27	1	0	1
20150609	1463	85	38147	518036	8	0	88	63558	349	2064	2069	3741	24	10	1259	260	49	3316	35232	2	633	33	1	1	1
20150610	1333	88	36076	519839	5	0	87	73271	343	1973	1924	3382	22	7	1241	252	54	3097	33638	3	610	21	0	1	1
20150611	1252	109	35230	514383	5	0	69	69641	354	2047	2302	3197	22	5	1213	225	50	3007	32486	3	645	24	0	1	1
20150612	1218	128	37739	514129	5	1	94	74765	524	2343	4879	3621	24	3	1272	287	49	3212	32515	3	734	40	0	3	0
20150613	1242	153	44195	552668	7	1	110	85285	768	2679	8319	3724	28	1	1353	366	70	3547	36523	2	724	40	0	3	0
20150614	1571	788	50322	538984	7	1	127	83254	950	5011	9099	4036	27	0	1459	441	66	3915	41005	3	833	53	2	2	1
20150615	1452	1135	43986	548321	5	0	102	65685	860	7006	8015	3760	21	2	1195	495	61	3323	34320	2	764	44	1	0	0
20150616	1428	979	45144	513952	6	0	111	63471	955	7139	7481	3470	18	3	1267	703	60	3304	33975	2	725	35	1	3	0
20150617	1673	747	43734	497478	5	0	107	59566	924	5737	7125	3363	21	2	1254	665	60	3926	34220	3	3092	37	1	3	0
20150618	1682	620	42911	502257	6	0	107	58473	867	5073	6464	3371	25	3	1231	526	53	4164	38967	3	4241	46	0	3	0
20150619	1541	476	43139	500081	4	0	96	61921	907	4525	6578	3524	21	3	1398	460	60	4171	40050	5	2990	42	1	4	0
20150620	1495	646	49064	530986	5	0	111	67624	976	4715	6289	3979	22	5	2284	535	55	4469	42714	2	2459	47	1	2	0
20150621	1812	946	53536	562380	4	1	128	68598	1071	5844	6413	4470	22	0	2654	601	68	4945	47772	3	2093	57	1	1	0
20150622	1805	877	47507	571120	7	0	107	56588	923	6214	6141	4180	19	11	2739	450	60	4666	44406	4	2020	41	1	2	0
20150623	1554	644	44830	537039	6	0	98	55827	822	5131	5257	3841	19	8	2441	369	47	4439	42791	2	1738	39	1	60293	0
20150624	1579	509	43442	515279	4	0	94	53689	754	4581	4851	3551	15	8	2195	318	52	4194	41043	2	1531	31	1	89906	0
20150625	1575	448	41699	513685	6	0	83	53124	647	4189	4387	3202	14	10	2007	284	51	4486	39283	2	1398	34	0	82938	0
20150626	1303	400	41716	516034	6	1	75	56656	621	3874	4284	3031	17	13	1811	292	49	7356	37909	3	1267	35	1	80432	1
20150627	1359	442	49971	545190	7	0	94	62802	639	3936	4421	3123	14	16	1924	309	48	8725	41739	3	1173	34	0	77046	1
20150628	1521	468	53791	541205	6	0	121	60286	709	4251	4431	3117	16	12	1858	363	55	9546	45926	6	1118	52	1	85427	0
20150629	1389	321	43071	545013	7	0	104	52710	599	3819	4104	2750	16	27	1706	279	52	6899	39873	3	1152	34	0	92266	0
20150630	1121	284	40341	552377	4	0	74	51582	580	3300	3647	2651	16	21	1539	249	49	5745	36733	3	965	36	1	88948	0
20150701	1224	260	40200	508968	5	0	86	52645	528	3275	3293	2487	12	18	1483	240	44	5310	35484	3	983	25	0	72341	0
20150702	1232	232	38742	681171	6	0	80	51894	492	3123	3146	2372	12	20	1427	222	49	5004	34634	5	916	29	0	66933	0
20150703	1132	269	42409	630579	6	0	87	54426	453	3059	3217	2370	14	19	1462	240	46	4993	34724	5	992	35	1	61897	0
20150704	1120	288	44838	614395	6	0	83	57979	482	3064	3216	2229	17	20	1469	245	48	4839	36160	4	884	31	1	57197	0
20150705	1401	332	50333	600080	3	1	109	59180	514	3295	3303	2529	24	18	1572	278	52	5224	40606	4	908	35	1	66552	1
20150706	1322	222	41229	631285	5	1	80	51913	441	3122	3144	2410	21	23	1515	224	55	4627	35838	3	864	33	1	73609	1
20150707	1224	224	40457	578549	6	1	87	50128	499	3076	3209	2358	17	3405	1473	215	53	4434	35232	3	878	24	1	52771	1
20150708	1246	215	39777	569978	5	0	80	61067	497	2987	2943	2510	15	5391	1418	210	53	4277	35146	4	883	21	0	50031	1
20150709	1358	199	39010	587371	3	0	86	55072	459	2983	2994	2456	15	5952	1429	182	48	4153	34427	6	870	26	0	46326	2
20150710	1167	187	39011	582715	5	0	82	54499	481	2883	3036	2309	16	6719	1378	209	47	3972	32763	5	879	29	1	45327	1
20150711	1131	232	45522	558997	5	0	85	58277	496	2938	2986	2192	23	9834	1435	254	72	4357	35825	3	790	35	0	42862	1
20150712	1403	278	50863	511890	7	1	98	60048	547	3166	3161	2555	22	14067	1643	296	64	4845	41104	7	830	33	0	49586	2
20150713	1310	206	41042	579985	5	0	84	51054	508	2917	2942	2344	21	14233	1465	207	51	4163	35655	5	791	24	0	55353	2
20150714	1185	199	39771	573336	6	1	85	48824	467	2821	2836	2213	13	16759	1459	218	48	3991	34565	7	797	23	0	40997	1
20150715	1190	192	37550	570372	4	0	73	46580	472	2719	2674	1996	20	19909	1411	192	40	3826	33123	4	789	22	0	38844	1
20150716	1177	181	37136	566053	4	1	74	46278	478	2607	2575	1991	17	20999	1367	180	46	3726	32483	2	764	26	0	35527	2
20150717	1031	177	38757	553732	3	0	72	47350	393	2654	2627	2113	13	21440	1283	194	54	3743	31396	4	698	29	0	32565	1
20150718	1087	213	45868	544089	4	1	110	52216	459	2721	2638	2263	11	23606	1439	228	55	4024	35154	3	688	25	0	30957	2
20150719	1279	263	50552	546174	5	0	114	55406	472	2895	2837	2388	14	27483	1553	285	54	4466	39739	5	718	31	0	37403	1
20150720	1230	176	40634	591163	5	0	93	47219	496	2786	2806	2227	10	26511	1438	210	39	4013	34913	5	723	30	0	41740	2
20150721	1062	159	38972	589481	6	0	91	48793	437	2659	2622	2244	11	26848	1331	181	46	3814	33664	3	696	26	0	30067	1
20150722	1130	169	38537	586603	5	0	86	47025	432	2668	2554	2216	15	25623	1323	168	43	3745	33025	3	675	23	0	29011	1
20150723	1238	164	38911	604309	6	0	66	47483	413	2623	2548	2131	15	26182	1377	173	51	3708	33349	4	745	25	1	27901	1
20150724	1090	143	39681	582002	4	0	82	49037	414	2602	2494	2108	9	26283	1366	177	49	3698	34742	2	668	23	1	26649	2
20150725	1255	199	47634	558605	6	1	93	52850	477	2785	2633	2278	15	27806	1386	235	53	4127	39943	6	674	32	0	25223	1
20150726	1371	245	51898	551774	4	0	101	54469	538	2987	2755	2548	16	29087	1506	258	64	4551	44587	5	701	25	0	30370	2
20150727	1306	212	42594	583129	9	0	96	46849	507	3041	2703	2343	19	27120	1392	196	62	4023	39868	5	741	25	1	34033	2
20150728	1200	183	41284	611285	11	0	87	47339	522	3050	2447	2260	11	27692	1406	183	53	3933	38548	4	660	26	0	26667	1
20150729	1176	143	39408	594003	10	0	82	46050	454	2841	2431	2128	79	25640	1302	179	61	3847	36140	2	768	22	0	24178	1
20150730	1186	142	38676	599441	10	0	67	45089	452	2800	2431	2047	107	26082	1258	168	54	3668	34914	2	784	24	0	23038	2
20150731	2704	160	41662	588951	12	0	83	44971	399	2723	2338	1994	76	27375	1247	164	55	3633	33688	2	712	18	0	21291	2
20150801	2369	160	50584	542428	11	0	90	48733	429	2856	2472	1882	48	28014	1299	193	53	3927	36248	2	754	21	1	19912	1
20150802	2327	212	56457	517905	10	1	103	49538	452	3074	2651	1948	41	32209	1371	231	55	4437	40279	2	724	30	0	24681	1
20150803	1923	159	47875	568420	12	0	83	46104	397	2759	2407	1813	36	29138	1252	175	52	3897	34964	5	707	26	0	27940	1
20150804	1747	156	45946	575554	9	0	77	46956	446	2812	2383	1939	26	28113	1312	177	51	3909	34873	2	661	26	1	20552	1
20150805	1573	138	42811	539500	6	0	80	45696	393	2657	2265	1782	23	26950	1288	171	55	3688	33235	3	619	18	1	18463	1
20150806	1451	130	41514	541693	7	1	88	45148	403	2632	2195	1616	25	26284	1206	156	48	3661	32229	6	603	23	0	18146	1
20150807	1356	130	42136	522993	6	0	83	46349	376	2576	2190	1664	29	26233	1145	172	49	3563	31335	2	646	19	0	16756	1
20150808	1450	158	49485	491510	8	0	84	49558	423	2787	2410	1744	25	27653	1263	211	55	3874	35170	5	636	28	1	17474	0
20150809	1576	191	54354	463120	7	1	95	50940	470	3248	2630	1866	22	30333	1357	252	68	4399	39880	3	689	30	0	18935	1
20150810	1479	151	44269	506209	7	1	83	43937	429	3096	2462	1769	18	28914	1242	189	61	3964	34831	3	631	32	1	22148	1
20150811	1392	152	43715	544223	5	0	76	42418	432	3056	2358	1821	22	27965	1249	169	52	4620	33858	3	666	29	0	16978	1
20150812	1303	165	40462	528477	7	1	80	40194	424	2829	2155	1688	20	30964	1174	175	49	4690	31812	3	601	20	0	16126	0
20150813	1322	153	40001	546142	7	0	70	38929	379	2793	2106	1693	20	33152	1166	161	43	4644	31564	2	547	24	0	14754	1
20150814	1271	170	42714	543496	6	0	73	40024	456	2833	2100	1974	24	31958	1172	153	49	4485	30550	2	626	24	0	14655	1
20150815	1354	187	53254	498573	6	0	91	44024	563	2977	2334	2171	19	33380	1246	226	55	5085	35633	5	708	27	0	13834	2
20150816	1569	178	60395	471760	9	0	94	46759	706	3453	2537	2432	16	36051	1330	258	73	5479	40044	4	668	37	0	16691	2
20150817	1405	166	51001	531385	5	1	74	40990	564	2842	2198	2066	16	33361	1264	222	71	4997	34301	2	599	25	0	19656	1
20150818	1451	152	47958	535060	7	0	80	41688	507	2868	2131	2133	15	31738	1189	274	56	4708	33449	3	580	26	0	14641	1
20150819	1433	117	45315	514071	5	0	95	39196	450	2724	2007	2097	16	29904	1151	285	56	4324	32215	2	544	24	0	13660	1
20150820	1381	122	42948	522264	6	0	119	37246	433	2621	2025	1856	15	27237	1180	315	49	4138	30854	3	488	24	1	12636	1
20150821	1300	120	44085	510847	8	0	119	39883	414	2711	2035	1873	20	28979	1107	396	54	3994	29926	1	595	23	0	11858	2
20150822	1329	143	52280	470311	5	2	127	43422	443	2843	2294	1784	15	30178	1216	507	56	4465	35025	2	619	31	0	11195	2
20150823	1533	167	55567	458623	7	0	132	44669	459	3189	2450	2191	18	31851	1291	561	58	4883	38797	2	582	28	0	14532	2
20150824	1440	123	43190	514116	6	0	108	40550	389	2579	1960	1883	12	28567	1153	444	58	4094	31726	2	495	26	0	18533	2
20150825	1361	123	41933	518449	8	0	104	39972	378	2635	1934	1915	13	27146	1091	388	57	3987	31069	3	520	29	0	13969	2
20150826	1286	125	39621	513668	7	1	94	39296	318	2472	1912	1798	13	25177	1058	358	53	3813	29107	2	475	26	1	13179	3
20150827	1336	124	39131	509854	7	1	99	39555	331	2456	1898	2042	14	27086	1051	316	49	3750	28995	2	549	24	1	12646	3
20150828	1221	115	40747	509416	6	0	90	40154	326	2540	2046	2027	15	30076	1029	318	56	3604	28357	1	528	23	0	12237	1
20150829	1167	144	49699	470823	7	0	104	43881	347	2831	2475	1964	15	30914	1155	377	52	4027	34177	3	596	31	0	11496	1
20150830	1289	166	52200	463269	6	0	139	44737	381	3025	2684	2099	17	32011	1250	396	63	4356	37515	3	585	33	1	14267	1
20150831	1246	132	39640	506594	6	0	99	38627	302	2456	2044	1953	12	28605	1037	298	63	3586	29077	3	522	22	1	16623	1
20150901	1221	116	37452	524308	6	0	76	35708	334	2351	1831	1975	13	27358	932	250	62	3387	27361	2	479	17	0	12772	0
20150902	1225	117	36198	515576	4	0	87	36043	293	2265	1725	2029	15	25792	819	214	58	3406	25999	2	448	18	0	11979	1
20150903	1234	107	35974	515111	7	0	89	34798	330	2254	1785	1930	12	26140	880	180	53	3368	26145	2	480	18	1	10956	1
20150904	1231	115	39967	511255	5	0	88	37612	334	2430	1985	1935	27	28094	1042	242	59	3406	27482	2	611	25	0	10416	1
20150905	1372	159	50121	487753	7	0	93	43833	359	2754	2613	2118	30	29630	1256	326	56	4170	35681	2	597	27	1	9934	3
20150906	1612	217	52230	457869	7	1	116	43883	387	2841	2557	2392	32	31774	1268	325	55	4510	39903	3	532	26	0	11949	2
20150907	1480	175	51365	517603	7	1	101	36481	370	2901	2600	2067	24	33699	1172	310	68	4282	38947	2	581	40	0	13948	3
20150908	1245	117	37771	500980	5	0	77	32509	314	2271	1732	1908	21	27136	942	258	50	3431	28042	2	471	30	0	10634	3
20150909	1254	119	35287	507394	4	0	69	31950	281	2121	1550	1875	14	26455	892	228	53	3290	26337	2	429	25	0	10205	2
20150910	1250	109	35119	497310	5	0	79	31510	264	2118	1491	1973	13	28026	1732	206	57	3320	26204	1	418	25	0	9394	2
20150911	1233	124	38845	493953	3	0	71	36560	302	2415	1828	2406	23	32010	7323	194	55	3406	27616	4	492	24	0	8880	2
20150912	1304	144	49198	466151	5	0	91	44043	308	2727	2411	2835	29	32676	12423	304	64	4002	35663	2	579	26	1	8873	1
20150913	1500	170	49828	455451	4	0	97	43807	357	2973	2402	3280	27	34751	13487	337	67	4188	38481	2	583	39	0	11423	1
20150914	1386	134	38276	513183	3	0	71	33491	287	2216	1677	2879	23	31177	6453	262	53	3304	28522	3	427	26	0	13573	1
20150915	1190	130	35693	521757	4	0	71	37484	247	2127	1608	2565	18	28170	5326	232	43	3148	27351	3	406	22	1	10354	2
20150916	1190	102	35185	503557	4	0	82	35565	262	2080	1626	2338	13	27771	4445	217	47	3157	27150	2	404	28	1	9995	1
20150917	1272	115	35281	508251	4	0	84	35686	243	2186	1584	2286	14	27859	3787	194	53	3118	26270	2	399	24	1	9220	2
20150918	1195	124	39217	500531	6	0	80	37853	277	2276	1881	2406	17	30118	3647	198	41	3333	27642	1	458	21	1	9038	2
20150919	1267	160	49806	480446	6	0	100	47429	308	3066	2515	2565	22	31088	3982	242	63	4104	36351	2	528	30	1	8627	1
20150920	1474	187	50455	498836	3	1	108	47381	336	3450	2381	2750	17	32083	3314	264	70	4234	39741	3	538	25	0	10958	1
20150921	1423	127	37361	548844	3	1	80	34109	250	2674	1589	2240	14	28683	2219	200	44	3309	29224	2	342	25	0	12845	2
20150922	1189	122	36759	549536	5	0	80	34161	251	2732	1524	2165	12	27404	2109	171	55	3458	28455	1	392	20	0	10672	2
20150923	1228	122	36573	530875	5	0	83	35130	227	2805	1634	2139	11	26700	2047	174	49	3554	28464	3	412	25	0	10362	2
20150924	1303	114	35407	545600	4	0	97	33878	214	2768	1563	1988	13	26658	2004	157	41	3547	27425	2	410	25	1	9844	1
20150925	1200	116	39732	655963	4	0	84	37945	221	2995	1740	2040	11	28801	2171	150	52	3735	28650	2	488	22	0	9255	0
20150926	1267	151	48921	674479	5	0	128	44026	249	3379	2368	2118	13	28520	2521	236	63	4366	36187	3	534	26	2	8905	0
20150927	1467	172	50308	659973	5	0	140	44416	287	3608	2381	2311	13	30285	2277	248	67	4682	39737	2	502	27	1	10814	1
20150928	1282	129	37572	825869	8	0	100	34792	177	2916	1641	2043	10	27342	1717	180	45	3638	28700	4	432	23	0	12302	1
20150929	1171	107	35977	649748	9	0	97	33923	164	2730	1498	2134	11	25404	1473	163	49	3460	27533	3	383	17	1	9412	1
20150930	1204	129	34792	634020	9	0	86	34867	157	2690	1536	1962	10	24458	1484	172	53	3405	26569	2	369	17	1	9143	1
20151001	1270	117	34443	617816	9	0	81	33710	150	2593	1508	1916	12	24293	1400	168	67	3318	25732	2	4037	19	1	8263	1
20151002	1181	117	40143	610488	11	0	73	36447	163	2789	1847	2152	15	26908	1687	180	94	3640	27994	1	12358	18	0	8273	0
20151003	1310	157	51432	582372	18	0	105	44445	177	3052	2551	2218	19	28230	2068	206	114	4390	36256	1	17211	28	0	7935	1
20151004	1509	178	51753	581963	14	0	109	46033	178	3213	2323	2333	21	29467	1911	253	139	4516	38967	2	16803	28	0	9538	1
20151005	1349	138	37738	631665	11	1	70	36680	140	2567	1767	2069	18	27515	1309	181	98	3592	28243	2	4454	20	1	11098	1
20151006	1309	119	37208	582344	6	0	79	36622	148	2515	1539	1986	24	25971	1312	157	78	3471	28018	3	3173	22	0	8372	2
20151007	1274	121	36760	555681	5	0	71	34017	131	2461	1598	2002	22	26956	1304	152	68	3391	27358	2	2448	20	0	7391	1
20151008	3282	100	35362	572487	5	0	65	33348	113	2116	1576	1664	21	23644	1288	131	61	3240	26444	1	1952	18	0	7079	1
20151009	2803	117	40617	573901	4	0	82	36540	135	2406	1815	1923	27	25807	1522	145	71	3437	28985	2	2203	18	0	6952	1
20151010	2555	145	50853	593556	7	0	90	46232	195	2615	2140	2124	27	26330	1796	189	85	4117	36196	3	1943	31	0	7185	1
20151011	2564	161	51102	630253	8	0	97	45031	188	2786	2123	2316	31	27197	1761	235	78	4358	39603	3	1724	21	0	8900	1
20151012	2621	122	43124	652487	5	0	80	35348	166	2525	1731	2125	24	27042	1417	174	58	3629	32773	2	1546	27	0	10234	1
20151013	2175	110	37830	651788	6	1	60	34452	147	2040	1654	1945	22	29889	1299	151	44	3445	28984	2	1288	22	0	9595	1
20151014	2117	121	36281	583978	3	0	68	33674	139	2169	1531	1924	16	28191	1153	137	50	3294	27428	3	1073	21	1	7570	1
20151015	2143	107	36213	586922	5	0	83	33132	147	2020	1498	1874	20	26980	1186	132	58	3265	28575	3	1095	16	1	7215	0
20151016	2028	114	41421	581093	4	1	70	40055	165	2354	1967	2050	20	28980	2183	130	50	3460	32146	3	1196	21	0	7228	0
20151017	2249	144	51367	615572	4	1	89	46353	211	2663	2554	2077	17	29396	3675	187	75	4149	39866	2	1312	29	0	8063	0
20151018	2329	160	53052	641871	5	0	87	47346	212	2832	2521	2258	18	32516	4221	224	80	4296	43532	2	1191	37	1	11094	1
20151019	1984	122	38551	668416	5	0	70	36537	144	2251	1757	1879	11	29090	3479	154	56	3346	31639	2	934	26	0	13911	1
20151020	1679	114	36534	618586	6	0	66	59035	130	2105	1555	1700	10	27127	2933	131	56	3146	29628	1	802	17	0	11004	1
20151021	1749	103	35595	594686	4	0	75	49724	133	2062	1546	1712	12	30543	2608	123	45	3065	29007	2	786	25	1	10296	0
20151022	1974	104	36370	632959	3	0	73	54296	138	2098	1560	1709	11	29702	2336	107	46	3099	29141	2	855	20	0	9965	0
20151023	1837	114	41354	617557	4	0	76	56985	162	2482	1872	1756	13	30801	2490	125	59	3504	31061	2	956	19	1	9791	1
20151024	1803	164	52296	727013	4	0	92	64204	204	2782	2509	1884	15	31194	2731	145	57	4079	39314	4	989	27	1	9418	0
20151025	1954	179	53191	727342	5	0	104	61500	206	2838	2428	1981	23	31713	2482	190	78	4280	42814	3	990	26	1	11602	1
20151026	1839	123	39376	722056	5	0	72	46938	145	2274	1711	1753	15	29082	1730	131	46	3385	31671	3	785	21	1	12941	1
20151027	1627	119	38320	648775	5	1	75	45395	141	2865	1686	1773	14	27256	1652	125	54	3324	30455	4	794	21	1	9731	0
20151028	1719	122	38338	635287	7	1	70	46234	142	3783	1655	1973	12	27876	1573	124	57	3284	31030	3	764	19	0	9148	0
20151029	1675	123	37108	668615	6	0	68	53874	160	3896	1539	1978	11	27410	1472	135	50	3324	29759	2	768	26	0	8586	0
20151030	1583	101	40789	630182	5	0	93	65433	233	4092	1829	2020	16	27851	1612	238	51	3490	30465	3	854	66	0	8205	1
20151031	1737	139	50186	671510	7	0	113	73838	292	4468	2137	1936	17	26726	1826	352	81	3899	36554	2	885	82	1	8113	1
20151101	1936	168	52610	698231	8	1	124	77351	359	5077	2248	2262	16	29926	1768	465	75	4137	40812	3	874	95	0	10109	1
20151102	1730	132	39266	708949	6	0	104	61317	420	4025	1663	2007	11	27546	1283	377	67	3303	29665	3	742	77	1	11664	1
20151103	1493	469	36377	632585	5	0	77	60732	269	3750	1588	1865	15	25900	1247	300	53	3087	29028	3	768	64	1	8798	0
20151104	1604	1070	35193	614934	5	1	67	62640	224	3830	1523	1699	10	25519	1212	229	45	3138	28193	2	692	50	0	8263	0
20151105	1589	1118	35625	607642	5	1	66	57462	218	3749	1588	1729	13	26397	1162	205	54	3121	28220	2	651	43	1	7777	1
20151106	1491	951	41017	610436	4	0	78	62777	233	4094	1861	1881	12	27222	1413	191	48	3286	30387	2	829	47	0	7631	0
20151107	1566	853	52350	667508	5	0	90	73219	292	4771	2503	1992	14	29720	1794	222	59	4031	39828	3	827	62	0	7699	1
20151108	1880	790	52041	709962	5	0	98	69073	282	4787	2461	2031	16	29854	1672	263	70	4099	42725	4	739	51	1	10147	1
20151109	1652	490	39233	699585	5	1	71	47670	205	3335	1636	1703	11	37489	1152	194	43	3037	29608	2	629	36	1	11208	1
20151110	1398	409	34314	617356	4	0	51	41623	198	2797	1667	1740	13	27417	1098	149	52	2818	26302	1	647	40	0	8114	1
20151111	1445	445	36580	618582	5	0	69	40521	181	2872	2813	1613	13	26377	1153	140	54	2866	28945	2	665	26	1	7908	1
20151112	1447	414	32314	627875	3	0	52	41129	155	2607	2945	1586	14	25695	981	133	47	2635	25842	2	541	23	0	7887	0
20151113	1351	395	36441	601479	3	0	46	48071	172	2945	3763	1728	10	26614	1165	123	52	2838	27940	2	698	29	1	7239	1
20151114	1528	506	47251	667215	6	1	73	57702	219	3272	5546	1854	13	27566	1537	152	65	3540	35876	2	821	38	1	7206	0
20151115	1762	567	47155	698456	3	0	72	55880	224	3347	5843	2061	11	27917	1426	167	56	3566	38673	2	788	34	0	11088	0
20151116	1551	414	34801	677762	4	0	61	39379	139	2706	4367	1688	9	25079	1008	141	48	2748	27685	2	585	24	1	12762	1
20151117	1293	356	33534	642547	4	0	52	35091	146	2576	3746	1665	9	23656	983	119	45	2681	27143	2	589	24	0	11142	1
20151118	1487	324	33250	629091	4	0	49	38376	148	2607	3150	1706	10	24168	931	102	44	2636	26365	1	552	19	1	19852	1
20151119	1452	245	33233	617655	7	0	55	37504	149	2577	2821	1649	9	23951	966	92	40	2727	26239	2	577	25	1	17762	0
20151120	1344	237	37839	599469	5	0	50	43404	192	3055	3227	1713	13	25438	1106	101	45	2875	28418	2	698	25	0	16341	2
20151121	1516	320	49034	659426	5	0	74	51741	233	3344	3870	1852	13	26223	1429	131	52	3629	36855	2	756	35	0	15530	1
20151122	1829	324	50107	694026	6	1	82	49572	213	3431	3663	2041	17	26872	1360	147	52	3764	40006	2	728	30	1	18923	1
20151123	1485	246	37322	674046	3	0	63	35884	137	2861	2390	1636	11	25291	978	129	50	2958	29839	2	603	21	0	20733	1
20151124	1312	192	36828	607064	3	0	63	35561	147	2695	2232	1635	13	23961	958	111	48	2912	29012	2	549	19	0	14644	1
20151125	1641	201	40112	590423	5	1	56	34420	122	2776	2506	1817	17	25334	1029	142	44	3038	30714	2	600	21	0	12892	0
20151126	1724	242	44260	610945	4	0	57	35467	145	3010	3723	1936	19	27736	1182	213	46	3496	33542	2	736	36	0	11867	1
20151127	1609	432	52888	606245	5	0	68	43473	169	3677	5453	1986	24	32158	1700	274	51	3694	39649	4	813	46	1	11531	1
20151128	1741	452	58682	667665	6	0	80	55497	212	3799	7011	2170	21	32351	2208	310	59	4274	45821	2	884	55	1	11478	1
20151129	1906	464	58620	701646	6	0	82	56643	213	3827	8799	2445	24	35345	2246	348	74	4364	49746	3	861	63	0	14804	1
20151130	1759	364	43806	651166	3	1	66	43236	174	3262	6630	2011	20	33129	1595	274	48	3431	38101	2	739	58	0	16411	1
20151201	1586	325	42462	595868	4	0	65	43758	170	3424	6466	2006	20	37719	1549	276	51	3684	38588	2	781	36	0	11440	2
20151202	1615	300	41334	585436	6	0	56	44717	133	3137	5725	1897	17	33136	1535	231	59	3627	37526	4	691	37	0	10346	2
20151203	1598	284	40584	744968	6	0	54	43826	123	2986	5113	1825	12	31471	1431	204	47	3532	36557	4	655	28	0	9747	2
20151204	1494	277	46059	700033	4	0	50	50525	169	3324	5275	1815	14	33907	1549	194	47	3810	37951	2	838	32	0	9342	1
20151205	1549	283	58847	714271	4	0	70	60813	197	3697	5849	1913	18	35011	1857	222	53	4465	47389	2	839	47	0	9573	0
20151206	1747	326	57448	732088	5	1	82	58369	188	3605	5207	2030	18	35165	1709	273	57	4585	49454	2	825	44	0	12836	1
20151207	1521	215	43464	789214	7	1	61	42379	162	2901	3548	1820	10	31666	1207	179	45	3573	35792	2	642	29	0	15228	1
20151208	1483	202	41215	671055	13	1	70	41699	157	2661	3337	1784	15	29249	1162	171	48	3482	35447	1	612	32	0	11590	0
20151209	1443	183	39053	655287	12	0	54	38880	142	2663	2923	1619	19	27607	1071	142	44	3251	32512	2	606	24	0	10641	0
20151210	1325	180	39161	646929	16	0	58	38746	138	2625	2727	1630	9	28037	1062	145	35	3247	32445	1	597	29	0	10254	0
20151211	1374	169	44845	630781	13	1	50	48292	150	2921	3335	1728	15	29384	1236	145	42	3577	34403	2	659	29	1	9666	0
20151212	1481	220	57332	669923	14	1	72	58526	178	3500	4192	1873	17	30413	1615	189	60	4281	44083	2	761	40	0	9450	0
20151213	1640	241	57220	695361	17	0	75	55750	179	3458	3924	1932	19	30994	1574	224	55	4379	45827	4	689	38	0	12646	0
20151214	1409	172	43104	678521	10	0	64	42768	126	2713	2665	1595	15	31702	1057	152	38	3664	33895	3	588	32	0	13869	1
20151215	2685	145	42199	600565	8	1	61	70342	143	2627	2661	1529	14	30169	1143	121	42	3501	32837	3	562	25	0	9435	0
20151216	2217	149	40523	584309	6	0	52	60244	126	2559	2523	1437	10	28276	1088	124	38	3415	31714	2	572	20	0	7298	0
20151217	2139	143	41073	598204	7	0	60	62916	129	2736	2451	1520	10	28286	1098	124	44	3355	31469	2	628	32	0	7573	0
20151218	2059	159	45731	575874	5	0	50	75371	155	3364	2885	1540	12	29281	1256	127	49	3592	33491	3	644	28	0	7069	2
20151219	2099	201	56563	626778	7	1	77	84850	186	10774	3426	1672	17	29096	1516	159	50	4136	40431	2	718	38	0	6945	1
20151220	2307	220	59367	666583	6	0	94	75876	179	15774	3438	1881	18	31029	1528	204	50	4368	43354	5	711	39	0	9117	1
20151221	2014	193	51865	662553	4	0	72	64908	184	11868	3184	1953	17	30708	1445	164	52	4039	39009	4	703	27	0	9885	1
20151222	1902	201	52950	588371	5	0	78	65447	190	9387	3354	1972	19	32464	1685	191	67	4149	38549	3	770	31	1	6900	0
20151223	1917	393	57163	578982	7	0	70	60748	202	7949	5634	2120	24	34757	2106	292	64	4295	43336	2	958	35	0	6553	1
20151224	1551	467	50940	585322	10	0	89	72283	220	6515	6728	1946	27	28724	2101	251	59	3871	39071	6	846	39	0	6059	0
20151225	1673	502	56969	595078	7	0	74	71333	271	7289	7899	2364	28	35594	2259	329	70	4226	43189	2	987	46	0	6007	0
20151226	1809	498	64782	650402	7	0	90	77763	300	7268	8602	2489	30	39923	2624	358	74	4687	49143	3	1047	41	1	6052	0
20151227	1992	506	69206	667425	8	0	97	81035	346	7094	9045	2768	25	43519	2748	353	69	4965	53987	4	1106	54	1	7969	1
20151228	1903	432	66877	655031	9	0	105	76573	335	6695	8929	2666	26	44723	2922	368	63	4725	52673	3	1096	51	1	8843	1
20151229	1726	420	66373	591536	9	0	94	78531	359	6435	8818	2542	26	43971	3059	389	70	4779	52804	3	1129	47	0	6164	0
20151230	1922	366	66229	602928	12	0	83	81317	481	6384	8677	2692	20	44916	2980	354	86	4849	52905	4	1104	53	0	5870	1
20151231	1702	317	57113	623412	8	0	95	81889	336	5104	7481	2498	24	37748	2653	294	71	4629	45967	5	967	44	0	5827	0
20160101	1780	505	76186	610187	8	0	96	85030	416	6035	8734	2405	28	43561	2945	386	83	5508	57836	4	1056	50	0	7133	0
20160102	1977	503	74877	688797	9	0	100	93726	434	6112	8601	2817	26	44839	2950	387	84	5424	58697	5	1120	52	0	8740	1
20160103	1969	457	73856	693132	9	0	95	92488	425	6185	8831	2861	28	45245	2794	400	85	5523	60629	5	1058	58	0	11496	1
20160104	1861	440	59461	694324	7	1	84	79308	397	5429	7821	2551	27	44459	2472	325	70	4709	50136	7	941	49	1	13584	1
20160105	1698	381	55773	626894	7	0	82	79593	353	4957	6852	2364	21	41546	2357	281	63	4498	47052	4	808	45	0	10513	1
20160106	1777	330	53481	617494	8	0	82	76344	308	4692	5809	2139	18	39216	2180	268	59	4380	44741	4	783	35	0	10428	0
20160107	1772	286	52261	640363	5	0	76	71365	271	4554	5407	2108	19	39606	1980	235	64	4192	43096	3	741	30	0	10028	3
20160108	1781	267	56658	637559	7	0	73	77640	29	4810	5491	2366	20	42441	2042	209	64	4305	44013	3	867	40	0	9642	1
20160109	1902	332	70429	689823	4	1	89	85804	22	5296	6217	2406	22	42723	2247	280	78	5134	53149	4	888	45	1	10505	2
20160110	2096	337	69410	728106	5	0	83	83074	20	5324	5886	2606	20	41688	2038	285	83	5722	55062	4	848	54	0	14302	1
20160111	1605	273	52477	710425	5	1	72	58993	246	4004	3860	1970	17	41237	1493	201	55	4617	38690	3	736	40	0	15674	0
20160112	1635	258	47924	649971	7	0	73	58009	234	3866	3654	1937	24	36580	1427	186	59	4401	37864	3	674	38	1	11502	3
20160113	1726	232	45352	656241	8	0	65	56444	237	3782	3407	1873	20	34339	1377	166	56	4166	36111	2	644	28	0	11199	2
20160114	1698	252	45855	824717	8	0	68	55098	201	3776	3234	1810	19	35751	1343	170	58	4112	35289	3	808	25	0	10361	3
20160115	1655	233	52412	701790	7	0	58	58445	207	4115	3943	2013	18	38267	1514	157	60	4293	37752	3	765	35	0	10080	2
20160116	1857	295	66226	708656	8	0	78	68503	266	4676	4886	2264	20	38616	1836	215	67	5084	48443	5	802	38	0	10079	4
20160117	1880	320	66542	728936	6	0	83	66724	258	5009	4649	2405	19	39619	1756	248	76	5144	50340	5	766	50	1	12738	3
20160118	1642	255	56769	692459	8	0	68	51318	212	4849	4003	1947	21	38437	1471	193	67	4566	42464	3	718	42	0	13756	3
20160119	1530	227	46002	617019	6	0	56	49212	222	4006	2900	1891	19	34709	1279	159	56	3966	34593	3	594	33	0	10292	3
20160120	1640	198	45559	603339	7	0	58	49416	188	4057	2899	1865	15	33235	1231	155	54	3826	33963	3	607	32	0	9572	5
20160121	1663	196	45277	610564	5	0	63	46796	167	4083	2872	1852	18	35073	1201	139	44	3848	33477	3	642	29	0	9055	7
20160122	1735	208	54968	590332	6	1	59	52434	180	4718	3563	2023	17	41611	1376	152	61	4288	37238	3	745	29	0	8583	5
20160123	1939	295	70877	625529	10	0	81	62930	207	5374	4406	2162	22	45255	1691	187	71	5079	47726	6	772	44	0	8887	5
20160124	2062	271	67943	641096	6	1	91	63151	234	5037	4089	2245	22	46779	1612	209	64	5069	48889	3	745	36	0	10967	5
20160125	1817	221	50308	613949	5	0	55	48540	181	3934	2911	1855	15	43125	1211	166	63	4071	35567	2	647	32	1	12101	8
20160126	1665	178	48518	605779	7	0	53	47675	174	3739	2654	1767	15	39444	1251	137	52	3932	33954	2	623	24	1	9835	4595
20160127	1719	181	47878	590793	7	0	56	47968	176	3641	2698	1740	15	38065	1225	152	55	3847	33101	2	645	27	0	9385	4770
20160128	1747	158	47983	582223	5	0	55	51409	178	4017	2603	1763	20	37332	1170	116	54	3804	32320	2	612	26	0	11339	4950
20160129	1622	170	57099	470165	7	0	57	56599	164	4362	2991	2245	16	38111	1281	133	52	3988	33947	2	670	23	1	11081	4410
20160130	1808	268	74733	567484	8	0	85	66033	202	4615	3825	2318	24	39386	1601	178	81	4860	42744	3	763	38	0	13512	5768
20160131	1896	255	78641	588738	6	0	80	67810	198	4796	3712	2365	18	40626	1519	194	71	4929	45584	1	712	34	1	16311	6185
20160201	1661	174	59208	602268	4	0	63	50923	178	3855	2535	1863	20	36548	1094	150	51	3803	32772	1	557	25	1	18633	4953
20160202	1477	154	55288	610101	6	0	62	49582	173	3676	2519	1846	15	34816	1110	129	58	3735	32041	2	544	24	1	17632	3647
20160203	1540	171	52738	623823	4	0	93	49183	177	3612	2466	1773	16	34962	1074	118	45	3751	31260	3	544	23	0	17667	3519
20160204	1557	197	52181	641872	4	0	90	48630	149	3467	2484	1821	17	38339	1154	115	52	3797	30954	3	612	25	0	17744	3126
20160205	1524	169	57491	540890	7	0	85	52355	170	3871	3045	2050	16	37616	1161	188	49	4062	32396	3	621	25	1	15997	3012
20160206	1742	201	72963	614176	7	1	107	62021	193	4531	5068	2275	17	40493	1372	370	72	4899	42878	5	723	62	0	21395	3708
20160207	1940	217	75064	642727	8	0	122	63269	199	4642	5695	2535	19	42264	1394	400	75	5279	47811	5	706	68	1	22094	3513
20160208	1714	159	56595	652272	4	0	73	52127	174	3719	4791	2099	22	38710	1051	304	59	4488	36378	4	625	53	0	23517	2274
20160209	1634	187	54119	618647	4	1	77	53480	160	3479	4807	2079	18	36954	1025	260	55	4273	35946	5	590	55	0	19656	2107
20160210	1658	173	51125	613681	6	1	72	56305	134	3199	4620	1909	15	37506	932	248	54	4108	34159	4	599	58	0	18533	1697
20160211	1753	156	51027	616309	4	0	70	57383	124	3267	4662	2029	15	50852	886	243	55	4171	34667	3	591	62	1	17776	1533
20160212	1661	151	59454	605049	5	0	71	62380	143	3668	5491	2254	17	50326	1034	257	60	4544	37633	4	689	57	0	17067	1623
20160213	1757	194	73307	643301	5	0	93	73178	165	4049	6294	2406	22	49966	1340	299	90	5340	47602	3	768	57	1	16553	2160
20160214	1808	222	73557	668197	5	0	108	72460	187	4056	5572	2412	23	49719	1291	320	72	5228	49027	3	668	56	1	20122	2217
20160215	1774	190	64574	643197	4	1	79	59461	153	3962	4371	1955	21	50097	1056	230	60	4859	43514	4	618	40	1	21248	1865
20160216	1564	142	52175	563200	4	0	67	52467	135	3310	3502	1899	15	43087	976	178	51	4266	36445	4	566	43	0	14721	1502
20160217	1552	133	49314	571420	5	1	78	57210	160	3157	3267	1761	12	41685	1001	185	53	4158	34173	2	524	33	1	14415	1220
20160218	1541	126	48372	565090	3	0	67	53321	143	3053	2988	1796	10	40327	938	157	53	4054	33054	3	712	34	0	13434	1166
20160219	1480	143	52475	568412	5	0	63	56811	119	3168	3194	1941	19	42000	1004	156	53	4172	33749	2	1167	31	0	13169	1143
20160220	1716	168	66825	619799	5	1	80	66567	154	3528	4067	2100	19	43710	1294	190	62	5013	43488	3	1324	40	1	13053	1576
20160221	1913	185	69846	656406	4	0	85	68215	170	3844	4040	2150	17	46504	1320	216	64	5416	46745	4	1600	41	1	16711	1633
20160222	1631	157	51663	654772	7	0	71	57139	159	2888	2814	1776	18	41489	1010	161	49	4259	33896	4	1405	31	0	17799	1274
20160223	1454	131	47097	623285	12	0	59	55419	145	2822	2588	1674	173	38825	924	142	51	4082	32505	4	1306	31	0	14573	915
20160224	1599	134	48007	583553	9	1	67	52158	136	2903	2527	1664	395	40492	877	151	45	3989	31816	4	1399	30	0	11948	817
20160225	1624	130	47024	585528	9	0	64	53558	125	2903	2439	1740	331	41696	911	153	48	3883	31128	3	1322	25	1	11481	786
20160226	1594	128	53248	579085	10	0	53	56592	142	3346	2966	1895	296	44549	999	147	47	4295	32714	3	1287	24	1	11088	817
20160227	1699	176	66261	627124	12	0	76	65951	162	3930	3878	1989	273	44975	1376	178	51	5082	41692	5	1284	33	0	11563	1121
20160228	1801	170	66723	668879	12	1	74	64396	170	3927	3550	2162	243	46660	1274	220	67	5171	44333	4	1177	42	0	15055	1148
20160229	1582	125	49509	658312	8	0	58	48778	99	2941	2407	1691	201	40832	898	164	55	4026	30874	3	920	38	0	16491	843
20160301	1529	125	46123	600228	8	1	47	47102	119	2839	2265	2131	185	39991	919	125	58	3907	30229	2	878	25	1	11430	649
20160302	1493	117	45181	588724	5	0	56	46520	122	2783	2253	1889	186	38156	906	126	50	3769	29811	4	783	22	0	10741	630
20160303	1565	117	45254	606487	5	0	50	46151	125	2786	2290	1948	167	40470	950	120	51	3798	29393	3	808	25	0	10217	585
20160304	1501	122	50878	595820	6	1	51	54476	141	3191	2763	2081	188	42717	1033	126	51	4162	31209	2	897	27	1	9740	575
20160305	1658	169	64719	619804	5	0	70	64063	160	3706	3722	2139	184	44525	1339	175	63	4830	40860	2	918	37	0	9788	828
20160306	1914	166	65450	652520	4	0	81	60715	169	3910	3552	2231	170	45882	1367	204	63	5053	44038	2	924	36	0	12532	804
20160307	1534	114	48315	651902	5	0	60	49042	131	2946	2430	1875	157	42027	1025	134	46	3971	31814	2	743	27	0	13992	637
20160308	1326	95	43372	594047	5	1	49	47302	106	2618	2131	1631	137	39995	907	133	43	3594	29486	3	631	29	0	10039	500
20160309	1466	111	41977	588813	6	0	54	42890	103	2552	2195	1545	128	37845	840	121	42	3469	28776	2	598	20	0	9546	432
20160310	1574	107	41467	594213	4	0	51	42249	111	2598	2048	1548	100	38411	812	123	41	3393	27939	2	679	26	0	9070	421
20160311	1454	109	47908	587779	5	0	48	47759	119	2791	2617	1701	101	42043	932	136	42	4346	29941	2	788	26	0	8866	448
20160312	1581	154	60362	611411	4	0	66	57857	152	3303	3232	1870	105	44518	1254	165	59	5726	38929	2	849	32	0	8701	616
20160313	1691	176	62355	650894	7	0	64	52873	185	3448	3142	2001	109	45935	1207	178	55	6233	42419	3	816	32	0	12034	699
20160314	1422	111	46294	657271	4	1	49	40808	143	2739	2247	1589	86	42102	908	143	49	5036	30888	1	715	30	0	14410	497
20160315	1432	119	44126	605118	4	0	59	45123	139	2688	2167	1572	73	40530	858	191	45	4831	29908	3	619	22	0	10854	418
20160316	1377	96	42807	591037	3	0	49	44834	133	2665	2092	1495	77	38123	841	241	43	4550	29181	1	643	19	1	10512	355
20160317	1383	108	42653	594514	4	0	44	44666	28	2586	2056	1485	74	38480	905	233	50	4309	28916	2	670	21	0	10206	338
20160318	1405	106	48867	589783	5	0	64	51307	32	2969	2602	1650	76	41429	996	263	62	4887	30958	3	790	22	0	10034	383
20160319	1613	145	60577	645685	4	1	106	61191	37	3327	3254	1808	77	41933	1200	318	70	5483	39032	4	881	34	0	10567	506
20160320	1714	149	62936	689093	4	0	127	59412	96	3553	3169	1880	68	45374	1250	345	62	5719	42816	5	795	35	0	13875	584
20160321	1579	118	47354	643797	3	0	95	46391	24	2942	2337	1664	59	41432	919	267	59	4570	31697	4	685	29	0	14808	464
20160322	1422	113	45309	624979	3	1	82	46227	19	2801	2289	1683	49	40349	949	238	54	4463	30640	4	642	22	0	12025	371
20160323	1528	169	45392	592595	5	0	77	46897	78	2796	2214	1599	61	40870	979	199	48	4482	30544	2	654	25	0	9982	331
20160324	1765	226	47213	592882	5	1	78	51493	116	2924	2434	1709	67	39776	991	210	51	4639	30823	2	676	25	0	9596	336
20160325	1609	331	55589	659382	5	0	68	60902	144	3246	2902	1914	49	40546	1114	232	43	5116	35880	3	703	28	1	9203	414
20160326	1582	366	57529	677294	6	0	68	65215	143	3112	2917	1753	61	38139	1205	239	59	5371	38372	3	701	29	0	8771	458
20160327	1701	376	60012	730303	3	0	81	64721	151	3200	2961	1956	61	40530	1192	239	59	5596	39458	2	739	28	1	12176	498
20160328	1545	337	51321	742259	4	1	59	61807	150	2786	2555	1805	51	40370	1048	196	55	5044	35618	3	605	24	1	13363	409
20160329	1408	305	44147	669765	4	1	57	55095	132	2409	2085	1526	46	35844	942	174	47	4306	30716	3	536	30	0	10084	294
20160330	1588	263	43410	628467	3	0	58	55650	119	2470	2022	1570	50	37564	895	156	43	4354	30129	3	555	19	0	9375	289
20160331	3079	241	43557	639754	2	0	45	54344	128	2554	2078	1545	41	37983	879	149	46	4242	29513	3	533	19	0	9010	293
20160401	2604	264	46771	624026	3	0	44	57258	120	2715	2288	1541	43	39515	987	136	55	4539	30503	3	642	23	0	8586	266
20160402	2461	302	58042	677129	5	1	61	64546	136	3612	2818	1664	52	42078	1136	184	53	5304	37268	4	684	20	0	8776	386
20160403	2661	337	58946	719106	3	0	64	65883	158	3827	2900	1843	48	41718	1112	200	63	5492	40407	4	638	26	0	11753	421
20160404	2295	229	42901	684689	5	1	52	50172	109	2788	2012	1527	45	38071	895	141	52	4215	29421	2	511	20	0	12789	285
20160405	2005	222	40611	602669	4	0	47	50424	90	2571	1814	1452	58	35410	837	125	47	4001	27973	2	521	18	0	8823	323
20160406	2138	450	40012	604393	3	0	43	48761	98	2614	1862	1532	63	35761	833	122	43	3972	28421	2	558	19	0	8282	316
20160407	2207	791	40261	618944	4	0	46	48908	101	2713	1927	1576	66	36764	882	105	45	3990	28423	2	592	17	1	8014	319
20160408	1997	782	45458	612269	4	0	46	53795	103	2924	2267	1683	47	39721	971	127	58	4284	29827	3	678	22	0	7806	333
20160409	2117	1050	57787	672523	4	0	54	62190	112	3389	2856	1725	65	41971	1229	157	66	5136	38557	4	756	27	0	7890	507
20160410	2319	1169	59317	701281	4	0	70	59568	127	3421	2800	1856	73	43071	1212	183	63	5300	41781	3	698	33	0	10678	529
20160411	2000	829	42066	735971	4	0	55	45973	114	2730	1979	1472	58	38717	890	128	51	4054	29208	3	522	24	1	11609	367
20160412	1783	730	39081	662653	2	0	45	45213	105	2385	1851	1432	52	34116	823	124	40	3829	27668	1	479	20	0	8473	282
20160413	1752	662	37785	599407	3	0	49	43922	94	2404	1761	1383	46	33177	867	108	46	3608	26730	2	491	18	0	7372	262
20160414	1908	638	38340	606160	3	0	43	43126	87	2382	1838	1436	44	34782	873	96	42	3647	26538	2	507	15	0	6958	248
20160415	1846	675	43401	596800	3	0	38	48507	90	2733	2046	1897	35	38458	1653	111	55	3894	28030	4	587	17	1	6632	260
20160416	1987	869	54379	665516	6	0	51	57346	115	2957	2735	1798	43	38213	2441	168	64	4658	36199	3	675	24	1	7121	325
20160417	2237	984	56059	699719	5	0	63	54514	119	2975	2697	2053	50	40143	2811	175	69	4937	40123	5	636	25	1	9376	354
20160418	1903	871	41876	683275	3	0	47	42138	82	2565	1909	1742	37	37826	2507	110	47	3757	29173	3	523	22	1	10406	226
20160419	1754	1312	40221	610719	3	0	45	43304	87	2347	1901	1684	36	36046	2236	112	46	3641	28356	4	732	22	1	7433	221
20160420	1662	1303	38990	600442	3	0	46	42301	89	2319	1744	1633	45	35607	1922	111	43	3660	27231	4	680	20	1	6894	182
20160421	1849	1225	39684	620790	3	0	41	42671	81	2370	1837	1684	40	50970	1799	108	38	3713	27763	3	659	16	1	6735	194
20160422	1692	1093	44831	613635	6	0	44	47897	87	2646	2203	1745	37	82829	1771	119	48	3931	29584	4	777	17	1	6582	179
20160423	2004	1371	55468	675307	4	0	57	55336	106	2918	2835	1943	39	96729	2113	141	63	4767	37467	3	836	25	1	6877	256
20160424	2142	1488	58218	702712	3	0	62	54688	107	3089	2952	2081	53	103125	1926	152	76	4965	41529	2	813	28	2	9300	279
20160425	1768	981	41601	691836	4	0	39	41102	70	2388	1958	1652	33	64209	1304	126	61	3765	29239	2	615	19	1	10324	199
20160426	1721	806	40814	630337	9	0	53	40184	71	2287	1967	1665	32	71248	1298	99	94	3778	28628	3	578	19	1	7358	170
20160427	1658	691	39387	635625	9	0	46	41711	79	2325	1956	1595	32	58336	1233	95	75	3723	28435	3	598	21	1	6946	151
20160428	1862	640	40062	648084	9	0	36	38973	78	2301	1973	1572	28	56955	1215	106	64	3732	27826	2	548	21	1	6780	153
20160429	1649	611	44296	623775	7	2	47	41677	79	2630	2296	1645	27	56323	1315	94	76	3990	28837	2	634	22	0	6675	151
20160430	1855	700	54945	662148	11	0	64	47598	99	2914	2970	1755	44	56238	1470	150	81	4717	36385	3	692	27	0	8109	229
20160501	2009	790	58657	640386	8	0	75	48155	106	3169	3092	1866	38	58237	1574	166	81	5107	40877	3	713	29	1	8961	253
20160502	1730	545	42277	643513	8	0	47	39299	74	2368	2110	1629	29	49026	1225	131	65	4034	29607	4	578	21	1	9532	182
20160503	1621	484	39634	647182	5	0	40	38283	68	2245	1894	1513	32	44145	1099	113	61	3832	28474	3	499	19	1	8577	166
20160504	1702	457	40224	747203	3	1	36	35228	68	2283	2012	1707	29	46191	1025	103	55	3898	27410	4	551	13	0	7125	151
20160505	1618	413	40399	774641	3	0	50	34286	66	2206	1921	1469	29	38361	1084	100	50	3872	27109	3	443	17	1	6979	147
20160506	1457	389	42249	770946	4	0	47	36025	68	2274	2113	1670	27	39341	1096	94	53	3996	27355	4	502	18	0	6725	145
20160507	1552	456	51058	801442	4	0	54	40711	84	2674	2598	1778	33	41114	1241	138	50	4584	33433	5	568	16	0	6758	195
20160508	1757	473	52370	840670	5	0	54	39376	99	2705	2505	1858	25	42423	1198	155	59	4537	35662	2	531	27	1	8774	229
20160509	1651	320	38683	854749	4	1	42	32488	60	2107	1719	1619	28	38225	877	124	42	3580	26086	6	437	23	0	10190	170
20160510	1645	322	38828	672192	3	1	38	31874	62	2165	1729	1756	26	43399	898	95	42	3627	26363	5	461	22	0	6988	144
20160511	1607	335	44077	642205	2	1	44	32924	68	2166	1758	1725	30	43228	844	90	39	3608	26359	4	440	19	1	6616	152
20160512	1641	332	50841	653070	6	0	42	32656	63	2246	1735	1929	29	43586	948	107	45	3521	26573	3	445	17	0	6516	158
20160513	1552	308	60829	647015	4	1	40	37553	64	2361	2212	1995	27	45064	1005	97	42	3875	27843	4	564	21	0	6494	159
20160514	1800	384	80370	705981	4	1	49	47037	79	2832	2840	2245	42	45407	1317	149	55	4725	36243	3	618	30	1	6562	210
20160515	2006	413	88201	731804	5	1	59	45118	100	2959	2862	2471	34	48806	1326	176	62	4959	40845	4	667	24	1	8821	230
20160516	1721	304	66675	711616	6	0	40	38427	86	2281	2023	2000	24	43795	1002	123	59	3886	31400	3	528	25	1	9798	172
20160517	1721	272	61788	625888	4	0	41	34484	69	2238	1873	1871	24	44252	974	105	56	3833	29730	3	514	19	0	6898	159
20160518	3445	248	58072	602010	4	0	40	33261	70	2150	1755	1762	23	41997	1295	103	49	3637	28652	1	435	18	1	6112	135
20160519	3123	243	56049	608129	3	0	44	33304	84	2203	1833	1805	28	43892	1294	110	42	3744	28023	3	504	21	0	5910	139
20160520	2837	260	60666	609517	4	0	47	38199	143	2396	2179	1962	30	45439	1520	127	46	4159	29162	4	559	20	0	5962	133
20160521	2528	295	70579	679106	5	0	49	44636	243	2778	2692	1852	31	44164	1789	155	59	4983	35547	2	621	25	0	6173	190
20160522	2739	333	72577	685866	4	0	51	43262	307	2825	2629	2213	31	48142	1782	158	56	5368	39301	3	572	29	0	8386	223
20160523	2585	253	54622	671890	3	0	42	33069	304	2410	1961	1930	28	45357	1455	117	66	4368	30486	2	555	20	0	9318	157
20160524	2403	223	49098	633767	3	0	42	30442	271	2209	1796	1826	23	39523	1324	106	96	3674	28439	3	380	17	1	6879	128
20160525	2239	204	49636	616502	3	0	36	30893	298	2220	1793	1874	30	39942	1361	92	78	3762	28501	2	397	18	0	6417	119
20160526	2244	219	51088	619367	3	0	45	32045	316	2299	1923	1765	35	39294	1407	97	57	3829	29310	3	485	25	0	6217	126
20160527	2146	216	54132	623723	4	0	33	36260	299	2516	2054	1879	29	40932	1452	92	48	4001	29785	2	485	19	0	6354	135
20160528	2082	245	60291	667797	4	0	51	41599	314	6487	2476	1880	35	36280	1551	107	60	4468	34052	3	522	25	1	6799	173
20160529	2339	270	64349	684934	7	0	43	40965	385	9005	2483	2356	38	42003	1681	125	56	4642	38027	4	521	29	1	9051	174
20160530	2295	237	61167	678871	5	0	39	35258	298	10192	2278	2153	31	41996	1551	128	59	4322	35952	4	443	24	0	10347	161
20160531	2114	175	49273	625813	3	0	42	34207	288	7803	1901	1848	22	39508	1391	112	48	3897	29956	2	421	16	0	7231	134
20160601	2011	171	47221	612604	4	0	43	34599	326	6199	1846	1906	21	38360	1262	103	51	3736	29704	4	402	17	0	7040	141
20160602	2044	146	47089	618396	3	0	45	36910	375	5304	1934	1889	23	38614	1293	120	53	3757	29566	4	441	16	1	6771	145
20160603	1840	166	50382	661748	5	0	40	44693	274	5326	2101	1908	21	39607	1310	103	63	3809	30141	2	464	18	0	6694	158
20160604	1958	217	60503	659071	5	0	50	52821	249	5101	2427	1952	27	38973	1457	135	55	4170	35357	3	502	24	0	6692	225
20160605	2130	233	63817	639427	5	1	54	54096	240	4962	2541	2027	30	41335	1501	153	53	4355	39169	2	481	30	1	8545	292
20160606	1796	191	46793	674662	4	0	44	46886	189	4022	1914	1748	36	38955	1233	116	45	3510	30706	2	414	17	0	9745	236
20160607	1770	178	45817	606085	6	0	41	78721	182	3826	1888	1663	53	39206	1199	115	38	3583	30824	2	466	18	0	7291	212
20160608	1733	177	45518	590449	4	0	36	73938	158	3554	1896	1667	46	38270	1149	108	39	3540	30744	2	428	16	0	6884	205
20160609	1842	192	45400	599086	3	0	39	69796	125	3515	1993	1600	49	38737	1252	112	47	3503	30675	2	397	15	1	6417	180
20160610	1478	143	45214	554498	4	0	37	69454	128	3461	2070	1440	52	37464	1252	106	46	3491	30195	1	428	17	1	6382	149
20160611	1732	205	54973	577788	4	0	51	75040	151	3604	2447	1636	59	39647	1407	145	52	3949	36620	4	453	22	0	6215	203
20160612	1945	254	58126	599533	5	0	50	77321	141	3729	2517	1907	51	41349	1419	160	52	4151	40841	5	441	23	0	7779	242
20160613	1693	169	44287	594221	2	0	40	61297	80	3143	2051	1562	48	39406	1209	116	48	3405	35870	3	431	16	0	8650	164
20160614	1609	174	44554	524128	6	0	38	58673	116	3159	2093	1689	41	39696	1168	104	55	3512	36271	3	410	16	0	6602	150
20160615	1551	168	43481	540365	3	0	41	54263	126	3033	2175	1607	42	38449	1149	107	44	3373	36137	2	389	19	0	7526	125
20160616	1580	153	42182	560218	3	0	46	52000	114	2879	2088	1557	37	36895	1128	110	46	3327	36465	2	371	22	1	8179	130
20160617	1670	170	47284	563851	3	0	43	55989	112	3129	2247	1769	27	38384	1227	103	49	3394	36354	2	446	22	1	8295	133
20160618	1707	202	55090	622380	3	1	45	57889	122	3226	2391	1991	35	37149	1314	134	49	3798	40844	4	456	23	0	8621	198
20160619	2011	242	58506	638072	4	0	50	55589	141	3346	2472	2357	37	40291	1396	158	59	4185	45110	3	408	31	0	11020	198
20160620	1718	167	46516	614768	4	1	46	45500	128	2874	2231	1972	40	45018	1248	110	52	3461	38628	2	409	19	0	12670	145
20160621	1621	154	46569	576155	4	0	37	47973	126	2842	2181	1722	28	55135	1181	103	38	3487	37425	1	387	21	0	10310	126
20160622	1415	140	46192	567389	2	0	36	48321	115	2861	2074	1472	34	48996	1170	101	48	3419	36752	3	396	25	0	9591	111
20160623	1576	303	45977	586109	5	1	36	45537	123	2688	2209	1413	28	47326	1091	112	45	3358	34916	3	1192	34	0	11381	127
20160624	1586	645	51446	570408	5	0	41	50447	154	3123	4001	1871	33	49584	1607	202	42	3605	34746	4	2497	62	0	12962	201
20160625	1822	719	61987	610946	5	0	54	57606	200	3370	4938	2133	45	48195	2004	270	53	4297	39145	4	2838	90	0	14377	313
20160626	2120	785	70935	593469	5	0	73	60765	210	3593	5599	2384	42	55781	2684	336	66	4727	44087	4	3292	133	0	18680	341
20160627	1880	579	57382	597214	5	0	56	55515	194	3263	5458	2019	39	53962	2654	252	57	4020	37914	1	3360	88	1	22041	273
20160628	1879	577	61028	568678	5	0	51	58808	226	3390	5362	2065	40	55557	2671	277	60	4081	37870	3	3338	105	1	17609	350
20160629	1903	542	59749	554325	5	0	48	58060	231	3537	5483	1996	42	53518	2661	334	60	4163	37328	3	3431	90	0	15499	299
20160630	1731	451	56886	567065	6	0	54	57952	238	3358	5813	1808	35	49657	2665	272	62	4089	36860	2	3222	83	0	16064	285
20160701	1731	510	61341	565713	3	0	48	63107	225	3337	5859	1982	35	50909	2562	291	64	4159	36240	2	3209	102	0	17248	303
20160702	2006	582	67550	576867	8	0	52	67103	220	3292	5968	2392	38	45325	2597	310	65	4476	39603	3	2936	94	0	17230	386
20160703	2140	646	73451	547010	5	0	63	69864	209	3583	6645	2623	39	53287	2792	352	59	4846	48926	2	3120	114	1	21401	384
20160704	2221	684	73720	584183	7	1	57	63851	217	3584	7140	2457	35	59418	2894	377	60	4779	49447	3	3223	109	1	24751	450
20160705	2066	488	62133	570163	4	1	47	64416	176	3283	5754	2262	33	53867	2434	308	61	4322	44859	2	2614	77	0	25559	325
20160706	1732	415	56272	547620	5	0	46	61551	169	2872	5047	1914	30	47508	2176	219	43	3908	42904	3	2140	68	0	49337	287
20160707	1695	352	52271	547889	3	0	38	60221	156	2752	4485	1642	30	44243	2070	217	42	3750	40135	2	1672	58	1	49512	236
20160708	1717	338	56959	545393	3	0	31	61318	133	2930	4224	1837	34	47348	1933	207	45	3680	40002	2	1661	68	1	47000	242
20160709	1789	364	64396	555446	4	0	40	63028	146	2889	4067	1877	30	45037	1857	216	52	3987	42275	1	1434	66	1	42981	307
20160710	1871	372	65079	552429	5	0	47	64347	132	2966	3968	1913	33	45127	1907	225	48	4145	45623	5	1302	71	0	50060	303
20160711	1871	307	55805	578824	5	0	39	56271	149	2893	3745	1784	26	49580	1678	186	49	3677	40507	3	1327	58	1	53670	251
20160712	1772	301	53717	555140	6	0	40	71847	137	2741	3455	1786	24	47382	1681	160	46	3687	39450	2	1240	57	0	39260	213
20160713	1771	288	51596	545712	7	0	33	63093	129	2628	3217	1708	25	45368	1563	149	38	3561	37527	2	1127	53	0	36285	192
20160714	3627	245	49880	547642	7	0	35	61520	129	2693	3088	1698	24	45024	1528	149	40	3467	36813	5	1064	46	0	34288	183
20160715	2889	240	51027	549469	6	0	25	61622	102	2704	2992	1606	23	43059	1382	135	38	3337	34680	3	1000	43	0	32769	179
20160716	2565	260	58868	512405	6	0	50	63347	114	2954	3156	1690	30	42604	1556	159	49	3620	37618	3	998	51	0	29330	238
20160717	2624	317	63203	521178	10	1	44	64640	123	3094	3338	1734	29	47824	1570	195	51	3942	41614	4	1011	59	0	36542	245
20160718	2311	250	51065	545605	6	0	29	57728	91	2767	2892	1402	28	50292	1428	157	45	3437	36388	4	976	51	0	39873	177
20160719	1999	237	48275	543162	4	0	34	57197	91	2574	2830	1371	23	48579	1327	137	40	3268	34548	2	874	45	1	28660	172
20160720	1997	207	47318	537900	6	0	25	55184	80	2584	2682	1347	24	47680	1265	116	44	3265	32994	2	881	36	1	26779	141
20160721	2136	191	47991	544730	7	0	32	55303	93	2544	2612	1351	33	46824	1195	105	52	3222	32725	2	884	28	1	23734	139
20160722	1933	196	51385	588106	4	0	34	57627	84	2650	2608	1434	19	45500	1299	103	47	3196	32200	5	847	36	1	24449	120
20160723	1988	219	61539	559536	3	0	40	61032	87	2647	2751	1569	22	43462	1309	127	51	3539	34714	3	811	49	0	23895	182
20160724	2173	267	66709	536829	3	0	40	62599	92	2947	2732	1693	22	48024	1364	157	50	3769	38505	3	866	44	1	29451	208
20160725	1924	220	56477	561754	4	1	38	57556	87	2681	2569	1540	22	48310	1312	118	61	3447	34311	3	838	32	0	32378	149
20160726	1935	206	54331	558517	4	0	34	58132	92	2701	2569	1567	21	46144	1239	108	55	3303	33708	2	772	34	0	23358	131
20160727	1914	187	52471	551796	3	0	34	57146	80	2648	2523	1522	20	45658	1269	105	48	3296	33050	3	777	34	0	21865	125
20160728	2040	180	50877	546217	4	0	40	58332	70	2619	2504	1462	24	45599	1303	108	56	3187	32535	2	788	31	0	20891	133
20160729	1822	194	51191	509391	4	0	34	57751	63	2570	2452	1450	19	43611	1205	113	56	3195	31551	3	773	31	0	19143	124
20160730	1755	239	59424	492190	4	0	38	58869	56	2754	2523	1577	26	41919	1270	139	49	3552	34496	3	779	34	0	20615	169
20160731	2111	279	64972	474425	4	0	42	61501	56	3076	2652	1936	28	47082	1386	172	62	3817	39102	4	787	47	0	26559	191
20160801	2035	196	54676	535263	3	0	31	55808	42	2927	2553	1627	23	46376	1278	137	52	3595	34398	3	770	29	0	32064	143
20160802	1893	186	51561	551192	3	0	34	55731	41	2727	2416	1686	23	45019	1288	123	48	3398	33545	3	760	28	0	24709	131
20160803	1871	161	49855	540689	2	0	34	53486	38	2792	2423	1643	20	43835	1186	125	53	3313	32991	2	672	28	0	25313	132
20160804	1970	167	49495	540928	5	0	30	48617	38	2746	2365	1507	23	43177	1149	108	54	3322	32855	3	685	36	1	23983	122
20160805	1699	166	50476	511778	3	0	29	53735	40	2804	2279	1584	16	41736	1119	115	45	3259	32467	3	637	26	0	22965	124
20160806	1698	188	57741	499527	3	0	34	55327	41	2854	2484	1551	26	42787	1196	117	56	3498	36412	3	678	30	0	22752	174
20160807	1819	209	62277	480644	3	0	39	57007	40	3094	2557	1600	22	47383	1270	146	68	3810	41657	3	800	35	1	27973	175
20160808	1672	162	50913	532075	2	0	36	51766	41	2802	2321	1412	27	46701	1146	114	56	3358	36517	4	641	30	0	31424	130
20160809	1663	163	50399	544535	2	0	35	51405	36	2828	2334	1459	31	45888	1156	111	56	3322	35977	2	624	30	0	29643	140
20160810	1768	143	49252	643170	2	0	37	51758	31	2728	2172	1509	30	44644	1166	114	53	3219	35284	2	627	30	0	25488	133
20160811	1834	160	48332	639209	5	0	36	50633	31	2667	2196	1490	30	44442	1173	98	49	3213	34370	2	619	20	0	23077	130
20160812	1605	147	48036	626488	3	1	38	51660	36	2579	2123	1386	27	41561	1171	96	61	3100	32823	2	662	28	0	21781	110
20160813	1703	171	55891	615194	4	1	34	54282	44	2838	2362	1376	29	41923	1207	127	54	3417	36361	2	633	28	0	20926	155
20160814	1717	205	59868	611621	4	0	35	56530	47	3012	2552	1479	27	45133	1430	170	59	3685	41994	3	648	30	0	24755	180
20160815	1625	178	48835	623516	3	0	36	53324	31	2724	2160	1258	23	44883	1204	125	52	3227	37765	3	623	33	0	26611	141
20160816	1614	156	47315	580238	3	1	34	51825	36	2699	2088	1245	25	43752	1226	105	65	3177	36707	2	686	22	0	21232	116
20160817	1611	168	46314	559379	3	0	33	51890	27	2697	2105	1285	24	43140	1160	93	75	3112	36329	2	886	24	0	20079	112
20160818	1673	145	46114	548865	4	0	28	53787	28	2596	1957	1306	19	43190	1088	91	66	3090	36027	2	906	22	1	19019	100
20160819	1446	162	47678	540715	4	1	30	54686	32	2522	2057	1227	23	43302	1103	104	64	3177	35119	2	964	24	0	18219	121
20160820	1729	193	58022	513224	3	0	31	60529	38	2783	2472	1418	27	44170	1204	137	75	3636	40660	3	931	34	1	17120	155
20160821	1870	220	62083	497385	5	0	46	64056	38	3106	2599	1532	26	48154	1356	145	83	3867	44886	3	847	33	0	20817	161
20160822	1656	186	49016	539508	3	0	34	58085	27	2640	2109	1313	23	45931	1193	114	74	3382	37026	3	736	27	0	22610	141
20160823	1690	170	45955	541970	3	0	32	57242	30	2456	1961	1223	16	43232	1101	102	51	3159	35100	2	637	24	1	17637	112
20160824	1639	149	44998	525370	3	0	32	57139	27	2445	1863	1206	19	43554	1058	93	49	3014	33639	2	634	22	0	16432	108
20160825	1789	139	44559	525105	2	0	31	55111	28	2440	1927	1170	16	43614	1123	105	59	3009	32355	2	606	25	0	15372	106
20160826	2671	134	46302	511566	3	0	34	54745	29	2566	1953	1173	18	43627	1085	90	61	3047	32224	3	666	22	0	14916	104
20160827	2498	185	56406	497289	3	1	38	59898	30	2916	2352	1285	22	45121	1225	121	54	3408	38033	6	708	29	0	14340	146
20160828	2905	216	60519	481946	5	0	49	61725	34	3090	2457	1456	24	48667	1338	132	67	3716	42679	5	760	30	1	17547	159
20160829	2764	160	47529	516618	3	0	37	55345	24	2590	2071	1383	19	46981	1100	101	65	3248	34193	1	668	25	1	19159	128
20160830	2494	139	44562	528666	4	0	37	52998	24	2903	1954	1255	17	43206	1078	93	61	3121	31589	2	606	23	0	15246	106
20160831	2310	132	41992	517839	3	0	32	48814	21	2986	1896	1262	16	42301	1027	92	56	2896	29548	2	579	25	0	14763	104
20160901	2214	148	40969	526161	3	0	26	46123	24	2696	1808	1220	21	39746	933	88	58	2782	28130	2	585	23	1	14234	91
20160902	2093	255	44819	523232	4	0	31	48983	28	2971	1975	1355	23	42362	1005	91	73	2929	28943	2	587	21	0	13579	109
20160903	2194	306	54132	499806	3	0	38	55510	29	3231	2557	1389	27	43242	1232	117	79	3408	34499	2	653	26	0	13050	142
20160904	2537	350	56801	484951	2	1	43	55072	31	3481	2406	1651	23	46143	1234	145	97	3599	38688	4	655	33	0	16137	155
20160905	2295	323	56140	533275	4	0	32	45020	28	3580	2297	1408	18	47053	1139	126	82	3377	36971	3	618	28	1	18315	146
20160906	2109	233	41166	536308	2	0	25	42359	23	2918	1693	1223	17	41205	927	110	51	2835	27626	1	508	22	0	14564	110
20160907	1958	226	39996	526770	2	0	28	42904	26	2865	1603	1250	14	42575	905	82	57	2786	26410	2	495	18	0	13394	96
20160908	2063	206	39963	506602	2	0	32	41671	25	3003	1563	1314	22	44302	838	87	58	2748	25600	1	500	18	2	12926	106
20160909	1936	213	43610	523030	2	0	31	47395	24	3277	1912	1398	16	76394	907	101	63	2940	26598	1	621	22	1	12566	98
20160910	2087	252	55641	489940	3	0	37	55922	35	3903	2526	1481	15	79587	1151	142	71	3590	34521	3	625	29	1	11760	153
20160911	2417	265	57118	487347	2	0	42	55987	36	4098	2442	1575	16	80021	1192	160	59	3682	37451	3	614	31	0	14389	154
20160912	1989	175	42045	523793	3	0	33	43868	26	3173	1642	1340	16	68742	894	121	55	2889	27105	2	493	24	0	16216	104
20160913	1803	169	40244	515324	2	0	32	43118	23	2754	1558	1202	16	61723	902	86	47	2849	26205	2	429	20	0	12621	86
20160914	1772	160	38849	510623	3	0	33	43750	16	2672	1542	1147	13	57964	802	84	37	2795	25160	2	468	26	0	12331	90
20160915	1939	146	39965	520188	2	0	31	43425	24	2629	1545	1225	15	57796	890	86	53	2822	25268	2	421	18	1	12018	93
20160916	1971	142	46957	515450	2	0	31	47503	29	2959	1768	1384	14	61063	997	95	49	2968	26630	4	506	24	0	11881	113
20160917	2172	201	62345	499618	2	0	43	53576	38	3385	2389	1604	18	63487	1198	122	67	3725	34831	3	663	29	1	11172	131
20160918	2403	218	64956	483030	3	0	43	54824	48	3459	2380	1702	21	65046	1239	138	60	3921	38127	2	618	28	1	13069	155
20160919	2062	161	49043	527171	2	0	33	42068	21	2604	1599	1407	18	57651	920	107	53	3051	27538	2	437	15	0	14962	119
20160920	2092	153	46951	530099	3	0	35	41501	25	2400	1615	1307	19	53274	919	90	43	2888	26327	2	379	22	1	12376	79
20160921	1945	146	46189	524211	4	0	31	40868	21	2423	1509	1311	17	50635	891	88	46	2952	25656	3	409	19	1	11525	101
20160922	2021	147	46566	526914	2	0	33	39871	24	2429	1477	1438	17	51553	859	91	43	2863	25225	3	395	16	0	11084	85
20160923	1906	146	53078	522086	5	0	31	49056	18	2682	1768	1444	17	54660	979	115	47	3094	26619	2	477	23	0	11013	88
20160924	1937	232	66245	536683	5	0	38	59902	11	3186	2412	1532	23	56494	1127	134	50	3580	33687	2	552	21	0	10636	128
20160925	2233	221	67465	543468	6	0	39	62033	9	3207	2288	1703	18	59401	1168	150	62	3804	37025	3	487	36	0	13629	153
20160926	1988	201	49411	584476	7	1	34	49065	7	2459	1662	1396	13	52368	875	114	44	2878	26898	2	397	20	0	15243	90
20160927	1853	165	47140	565997	3	0	30	49186	10	2334	1537	1387	16	49089	846	111	43	2834	25772	2	391	21	0	11835	77
20160928	1813	133	46059	543367	4	0	24	48519	9	2347	1538	1301	11	48242	811	93	48	2881	25740	2	411	18	0	10983	72
20160929	1932	131	47028	552403	3	1	28	46411	10	2506	1713	1296	14	47974	810	108	50	2854	25523	2	393	15	0	12139	75
20160930	1777	163	54096	544783	3	0	27	50700	9	2780	3113	1362	16	52473	913	102	47	3065	26651	1	500	20	0	13081	86
20161001	2023	185	70443	539920	3	0	35	59798	9	3221	5123	1491	18	55821	1228	146	61	3735	34733	3	595	21	0	13626	129
20161002	2191	234	72019	549270	5	0	46	62219	9	3248	5671	1599	18	57862	1121	147	60	3925	38050	3	511	27	1	16908	146
20161003	1934	172	53532	600675	1	0	37	50417	9	2536	4286	1307	15	51075	958	98	54	3134	28034	3	411	23	0	18906	113
20161004	1871	148	51651	591286	4	0	32	66650	9	2387	3395	1253	12	56550	843	90	44	3075	26690	2	389	18	0	14661	97
20161005	1918	153	50673	575578	2	0	24	67949	8	2300	2991	1241	18	54039	818	86	43	2971	26190	2	391	22	0	12603	112
20161006	1804	153	50252	540553	2	0	33	64568	10	2301	2742	1300	16	53026	810	94	44	2946	25942	1	424	22	0	12729	108
20161007	1748	150	56204	515987	3	1	29	65990	10	2623	2875	1636	16	54887	999	86	48	3145	27675	2	456	22	1	12368	96
20161008	1892	198	69842	557799	3	1	33	78092	9	3043	3523	2024	22	57105	1177	125	60	3754	34716	3	527	27	0	12822	135
20161009	2162	224	70126	573314	2	0	41	79361	7	2918	3240	2218	17	59281	1188	130	58	3973	38109	2	463	27	0	16445	142
20161010	1875	170	56418	577464	4	0	33	58820	6	2522	2456	1845	21	54738	953	110	45	3309	30739	2	425	26	0	18809	105
20161011	1804	144	48526	572210	1	0	30	57215	6	2107	2035	1654	24	49072	876	93	46	2898	26832	2	359	20	0	16910	78
20161012	1892	130	49851	532625	3	0	33	57831	8	2200	2073	1616	19	55773	895	90	51	3003	27265	4	398	19	1	13015	90
20161013	1927	129	48479	544116	2	0	30	54970	8	2165	1840	1449	19	53271	957	87	44	2946	26690	2	347	19	0	12789	74
20161014	1685	115	54580	529550	2	0	36	60489	9	2374	2342	1604	23	54875	1957	84	45	3082	28546	2	425	17	1	12410	97
20161015	1897	158	69526	573030	3	0	31	71630	26	2805	3000	1638	27	57282	3062	118	51	3775	36084	3	520	19	1	12121	136
20161016	2138	209	70694	600850	4	0	41	68604	21	2906	2762	1756	23	59593	3635	139	58	4002	39913	3	480	28	1	16207	154
20161017	1836	142	50606	597339	2	0	26	49782	16	2172	1932	1364	19	51565	3022	102	46	3024	28843	2	381	18	0	17850	106
20161018	1765	132	49814	541299	2	0	22	50508	39	2185	1842	1305	19	54528	2552	99	47	2928	27981	1	364	23	0	12570	191
20161019	1837	126	49402	528886	2	0	23	51317	47	2101	1848	1345	15	52376	2247	92	51	2981	28183	2	367	21	1	12114	421
20161020	1854	117	49181	516695	2	1	25	50049	53	2138	1823	1422	18	52617	1986	91	52	3007	28312	3	363	22	0	11503	455
20161021	1814	125	47229	532872	2	1	23	56462	55	2500	2239	1482	15	56061	2146	87	43	3123	30846	3	438	25	0	11609	421
20161022	1941	152	57876	590052	3	0	26	65141	76	2743	2652	1491	17	56289	2369	111	53	3573	39458	3	525	26	0	11856	467
20161023	2184	189	58937	640372	3	0	35	63411	75	2763	2585	1689	18	56804	2134	119	63	3663	44208	3	459	21	1	15687	436
20161024	1802	122	45155	638775	2	0	25	47895	66	2038	1821	1266	17	49918	1529	87	46	2955	33005	4	401	21	0	17415	305
20161025	3622	113	43428	565235	2	0	29	48656	53	2012	1734	1240	18	47167	1428	75	43	2794	32799	4	313	19	0	12604	257
20161026	2896	103	42699	558704	4	0	27	54834	56	1913	1668	1230	11	46082	1337	70	42	2756	32837	3	348	19	0	11670	237
20161027	2770	291	42782	554276	4	0	21	58497	55	2056	1685	1295	12	47489	1266	64	47	2793	32755	2	319	20	0	11439	207
20161028	2514	640	45762	555234	2	0	23	73384	56	2146	1980	1308	14	50427	1430	82	48	2920	32994	2	438	29	0	11108	216
20161029	2481	838	54876	604699	4	1	34	85494	63	2483	2357	1429	19	52276	1674	99	62	3360	41840	3	511	47	0	11321	271
20161030	2568	953	56667	620146	2	0	33	86365	59	2430	2433	1646	14	54098	1526	118	70	3451	48803	3	473	71	1	14685	285
20161031	2209	698	41828	610557	3	0	26	69667	56	1876	1729	1327	12	46815	1089	84	50	2854	35309	1	403	52	0	16276	183
20161101	2203	627	42021	546189	2	0	24	70820	76	1978	1765	1371	14	48455	1138	78	53	2927	38105	4	372	56	0	11886	191
20161102	2234	498	40259	540046	2	0	28	66346	68	2009	1739	1254	14	48555	1104	79	51	2773	37486	1	382	43	0	11136	163
20161103	2285	407	40009	544425	3	0	28	67402	70	2044	1724	1312	13	48950	1100	81	50	2779	37794	2	387	38	0	10872	172
20161104	2257	355	43964	548272	3	0	20	74531	62	2292	2052	1369	13	53027	1181	86	50	3056	40081	1	485	37	0	10973	156
20161105	2493	400	52907	591156	3	1	31	83226	72	2600	2476	1550	17	52901	1470	98	57	3572	50027	2	567	48	0	10840	201
20161106	2571	417	52706	618254	3	0	39	77938	75	2668	2504	1606	16	54149	1376	109	65	3739	54471	2	475	49	1	14760	240
20161107	2125	267	37454	601207	3	0	26	55633	50	2012	1684	1189	21	47416	957	84	39	2836	38271	3	349	29	0	16703	165
20161108	2121	227	36978	559422	2	0	21	56482	64	2054	1625	1270	14	46880	953	98	41	2825	38540	2	375	31	0	12610	127
20161109	1974	207	34648	554511	3	0	28	56307	64	1900	1532	1175	15	45298	861	95	35	2663	34750	2	338	23	0	11830	117
20161110	2090	180	35918	556319	3	0	26	55583	52	1947	1572	1199	14	45921	905	78	35	2709	34898	3	368	26	0	11378	121
20161111	1983	212	43149	554215	2	0	33	65493	57	2433	2147	1350	15	51196	1173	97	46	3153	41049	2	462	24	0	11011	153
20161112	2284	263	50235	630786	4	0	38	76417	99	2761	2613	1430	18	52431	1348	116	56	3828	48526	3	510	36	0	10927	186
20161113	2239	261	49456	646801	4	0	36	73140	84	2709	2434	1326	16	52902	1312	139	56	3701	51580	3	445	37	1	14331	188
20161114	2002	198	35788	630158	3	0	22	52326	67	1986	1653	1195	11	47733	935	102	54	2936	36466	1	345	30	0	16066	163
20161115	1958	182	34428	585833	2	0	23	52773	67	1963	1603	1246	16	46685	889	85	44	2828	34663	2	338	22	1	12487	108
20161116	2054	178	33653	573483	3	0	19	50032	64	1922	1517	1218	16	45142	870	96	42	2871	33376	2	303	28	0	10628	111
20161117	2070	166	33270	591160	1	0	24	49715	52	1957	1524	1201	17	45402	908	92	35	2912	33031	4	314	19	1	10853	98
20161118	2063	161	37261	586744	3	0	27	58005	65	2168	1787	1386	15	48182	1047	101	44	3082	33918	2	403	24	0	10236	99
20161119	2322	218	46687	634089	3	0	31	67702	81	2653	2370	1564	23	50322	1319	108	64	3651	42901	2	429	28	0	10435	145
20161120	2497	221	47073	665326	3	0	37	67258	76	2547	2291	1684	15	51506	1258	149	55	3807	46317	2	418	27	1	13639	179
20161121	1960	169	35536	646962	2	0	27	47476	64	2098	1690	1208	16	46740	968	130	46	3133	34913	2	322	26	0	15204	129
